DBN,graduation_rate_2011,college_career_rate_2011,graduation_rate_2012,college_career_rate_2012,graduation_rate_2013,college_career_rate_2013,graduation_rate_2014,college_career_rate_2014,Community Board,Council District ,Census Tract,NTA,Precinct
01M292,0.563,0.519,0.507,0.4,0.58,0.32,0.43,0.41,3.0,1.0,201,Lower East Side,7
01M448,0.7070000000000001,0.363,0.7440000000000001,0.6729999999999999,0.78,0.55,0.8,0.52,3.0,1.0,202,Lower East Side,7
01M450,0.716,0.6920000000000001,0.727,0.557,0.76,0.58,0.82,0.69,3.0,2.0,34,East Village,9
01M509,0.564,0.47700000000000004,0.595,0.479,0.36,0.38,0.48,0.26,3.0,1.0,"3,001",Chinatown,7
01M539,0.953,0.87,0.975,0.828,0.98,0.84,0.95,0.89,3.0,2.0,"2,201",Lower East Side,7
01M696,0.976,0.9570000000000001,0.966,0.968,0.98,0.94,1.0,0.93,3.0,2.0,"1,002",Lower East Side,7
02M047,0.696,0.47100000000000003,0.5479999999999999,0.304,0.71,0.42,0.69,0.62,6.0,2.0,64,Gramercy,13
02M288,0.82,0.627,0.773,0.596,0.84,0.53,0.77,0.49,4.0,3.0,135,Clinton,18
02M294,0.675,0.483,0.774,0.613,0.65,0.49,0.71,0.4,3.0,1.0,18,Chinatown,7
02M296,0.7929999999999999,0.56,0.784,0.42700000000000005,0.66,0.52,0.73,0.47,4.0,3.0,135,Clinton,18
02M298,0.915,0.7959999999999999,0.8690000000000001,0.787,0.89,0.69,0.94,0.68,3.0,1.0,16,Chinatown,5
02M300,0.6629999999999999,0.475,0.61,0.465,0.55,0.55,0.65,0.43,4.0,3.0,135,Clinton,18
02M303,0.5529999999999999,0.5,0.652,0.434,0.62,0.52,0.72,0.49,4.0,3.0,135,Clinton,18
02M305,0.6779999999999999,0.5479999999999999,0.7829999999999999,0.644,0.83,0.6,0.87,0.69,3.0,1.0,18,Chinatown,7
02M308,0.762,0.478,0.6829999999999999,0.5870000000000001,0.75,0.52,0.72,0.61,3.0,1.0,18,Chinatown,7
02M316,0.8029999999999999,0.64,0.705,0.639,0.75,0.48,0.77,0.62,1.0,1.0,9,Battery Park City-Lower Manhattan,1
02M374,0.778,0.40399999999999997,0.742,0.479,0.77,0.5,0.74,0.54,6.0,2.0,50,Gramercy,13
02M376,,,0.9490000000000001,,0.94,0.86,0.96,0.78,2.0,3.0,37,SoHo-TriBeCa-Civic Center-Little Italy,1
02M392,,,,,0.86,,0.84,0.64,4.0,3.0,89,Hudson Yards-Chelsea-Flatiron-Union Square,10
02M393,,,,,0.72,,0.66,0.48,4.0,3.0,127,Clinton,18
02M399,,,,,0.67,,0.56,0.51,6.0,2.0,50,Gramercy,13
02M400,0.8320000000000001,0.7559999999999999,0.821,0.812,0.83,0.64,0.84,0.7,4.0,3.0,139,Clinton,18
02M407,0.833,0.7090000000000001,0.8640000000000001,0.574,0.94,0.58,0.9,0.84,6.0,2.0,48,Gramercy,13
02M408,0.9309999999999999,0.608,0.9329999999999999,0.6829999999999999,0.96,0.66,0.94,0.66,4.0,3.0,127,Clinton,18
02M411,1.0,0.981,1.0,0.9059999999999999,0.99,0.96,1.0,0.97,5.0,2.0,56,Hudson Yards-Chelsea-Flatiron-Union Square,13
02M412,0.9640000000000001,0.774,0.9309999999999999,0.883,0.95,0.73,0.96,0.79,4.0,3.0,83,Hudson Yards-Chelsea-Flatiron-Union Square,10
02M413,0.843,0.6559999999999999,0.831,0.632,0.85,0.77,0.91,0.78,5.0,2.0,68,Gramercy,13
02M414,0.98,0.7170000000000001,1.0,0.857,0.98,0.91,0.97,0.81,4.0,3.0,83,Hudson Yards-Chelsea-Flatiron-Union Square,10
02M416,1.0,0.9690000000000001,0.978,0.9740000000000001,1.0,0.97,1.0,0.89,8.0,5.0,132,Lenox Hill-Roosevelt Island,19
02M418,0.973,0.88,1.0,0.8420000000000001,0.99,0.86,0.99,0.88,1.0,1.0,9,Battery Park City-Lower Manhattan,1
02M419,0.531,0.5589999999999999,0.509,0.43200000000000005,0.5,0.41,0.66,0.35,4.0,3.0,89,Hudson Yards-Chelsea-Flatiron-Union Square,10
02M420,0.8240000000000001,0.695,0.882,0.72,0.86,0.77,0.9,0.76,6.0,2.0,48,Gramercy,13
02M422,,,,,,,,,4.0,3.0,89,Hudson Yards-Chelsea-Flatiron-Union Square,10
02M425,0.7909999999999999,0.385,0.5920000000000001,0.486,0.68,0.43,0.64,0.41,1.0,1.0,13,Battery Park City-Lower Manhattan,1
02M427,,,,,,,0.49,,5.0,2.0,72,Murray Hill-Kips Bay,14
02M432,,,,,,,,,5.0,2.0,72,Murray Hill-Kips Bay,14
02M437,,,,,,,0.91,,4.0,3.0,89,Hudson Yards-Chelsea-Flatiron-Union Square,10
02M438,,,,,,,0.36,,6.0,2.0,50,Gramercy,13
02M439,0.978,0.82,0.98,0.767,0.97,0.83,0.99,0.85,5.0,3.0,58,Hudson Yards-Chelsea-Flatiron-Union Square,13
02M449,0.6629999999999999,0.35100000000000003,0.7140000000000001,0.551,0.75,0.59,0.75,0.47,8.0,5.0,118,Lenox Hill-Roosevelt Island,19
02M459,0.585,0.391,0.636,0.49200000000000005,0.56,0.55,0.71,0.52,8.0,5.0,118,Lenox Hill-Roosevelt Island,19
02M489,0.8290000000000001,0.778,0.812,0.736,0.75,0.77,0.82,0.7,1.0,1.0,13,Battery Park City-Lower Manhattan,1
02M500,0.655,0.527,0.7,0.5,0.68,0.4,0.68,0.28,5.0,2.0,72,Murray Hill-Kips Bay,14
02M507,,,,,,,,,4.0,3.0,127,Clinton,18
02M519,0.9520000000000001,0.75,0.956,0.821,0.96,0.81,0.95,0.76,8.0,5.0,118,Lenox Hill-Roosevelt Island,19
02M520,0.6579999999999999,0.426,0.617,0.42200000000000004,0.51,0.43,0.51,0.36,1.0,1.0,29,Chinatown,5
02M529,0.613,0.428,0.685,0.39799999999999996,0.66,0.43,0.61,0.45,5.0,4.0,119,Midtown-Midtown South,18
02M531,0.8,0.36700000000000005,0.9129999999999999,0.625,0.96,0.61,0.98,0.71,5.0,4.0,119,Midtown-Midtown South,14
02M533,,,,,,,,,6.0,2.0,50,Gramercy,13
02M534,,,,,,,,,2.0,3.0,63,West Village,6
02M542,0.7759999999999999,0.48200000000000004,0.873,0.517,0.82,0.7,0.85,0.58,4.0,3.0,135,Clinton,18
02M543,0.722,0.34700000000000003,0.7929999999999999,0.478,0.85,0.58,0.82,0.47,3.0,1.0,18,Chinatown,7
02M545,0.9740000000000001,0.87,0.925,0.948,0.98,0.88,0.96,0.83,3.0,1.0,18,Chinatown,7
02M546,,,,,,,,,6.0,2.0,50,Gramercy,13
02M551,0.6890000000000001,0.442,0.86,0.544,0.71,0.71,0.76,0.51,1.0,1.0,9,Battery Park City-Lower Manhattan,1
02M580,0.608,0.574,0.7440000000000001,0.408,0.72,0.55,0.71,0.59,1.0,1.0,9,Battery Park City-Lower Manhattan,1
02M600,0.912,0.6970000000000001,0.89,0.642,0.91,0.66,0.92,0.68,4.0,3.0,91,Hudson Yards-Chelsea-Flatiron-Union Square,10
02M605,,,,,,,,,4.0,3.0,89,Hudson Yards-Chelsea-Flatiron-Union Square,10
02M615,0.597,0.251,0.727,0.253,0.8,0.41,0.85,0.56,2.0,3.0,37,SoHo-TriBeCa-Civic Center-Little Italy,1
02M630,0.7909999999999999,0.505,0.8220000000000001,0.509,0.84,0.82,0.81,0.62,6.0,4.0,108,Turtle Bay-East Midtown,17
02M655,0.759,0.466,0.687,0.46399999999999997,0.64,0.4,0.76,0.43,8.0,5.0,"15,601",Yorkville,19
03M299,0.593,0.44,0.6629999999999999,0.37200000000000005,0.75,0.4,0.72,0.44,7.0,6.0,151,Lincoln Square,20
03M307,0.7190000000000001,0.353,0.674,0.41700000000000004,0.61,0.4,0.67,0.41,7.0,6.0,151,Lincoln Square,20
03M402,,,,,0.4,,0.49,0.29,7.0,6.0,169,Upper West Side,20
03M403,,,,,0.53,,0.75,0.4,7.0,6.0,169,Upper West Side,20
03M415,0.613,0.426,0.42700000000000005,0.419,0.44,0.31,0.5,0.23,10.0,9.0,218,Central Harlem South,28
03M417,,,,,,,0.95,,7.0,6.0,169,Upper West Side,20
03M479,0.986,0.8170000000000001,0.978,0.887,0.99,0.84,0.99,0.84,7.0,6.0,151,Lincoln Square,18
03M492,0.745,0.523,0.794,0.531,0.74,0.41,0.72,0.48,7.0,6.0,151,Lincoln Square,20
03M494,0.718,0.368,0.684,0.408,0.64,0.51,0.61,0.39,7.0,6.0,151,Lincoln Square,20
03M541,0.875,0.9229999999999999,0.9540000000000001,0.821,0.91,0.89,0.98,0.89,7.0,6.0,151,Lincoln Square,20
03M859,,,,,,,,,7.0,6.0,153,Lincoln Square,20
03M860,0.6829999999999999,0.585,0.677,0.524,0.65,0.59,0.73,0.42,10.0,9.0,218,Central Harlem South,28
04M372,,,,,,,,,11.0,8.0,170,East Harlem South,23
04M409,0.514,0.455,0.473,0.327,0.41,0.22,0.27,0.3,11.0,8.0,194,East Harlem North,25
04M435,0.92,0.757,0.909,0.742,0.9,0.77,0.94,0.77,11.0,8.0,178,East Harlem North,25
04M495,0.735,0.409,0.821,0.47,0.76,0.51,0.93,0.55,11.0,8.0,170,East Harlem South,23
04M555,0.8059999999999999,0.379,0.8540000000000001,0.581,0.93,0.73,0.98,0.77,11.0,8.0,"17,401",East Harlem South,23
04M610,0.9840000000000001,0.982,1.0,0.828,1.0,0.91,1.0,0.97,11.0,8.0,172,East Harlem South,23
04M680,0.623,0.473,0.627,0.28600000000000003,0.61,0.36,0.7,0.33,11.0,8.0,172,East Harlem South,23
05M304,0.728,0.598,0.652,0.5870000000000001,0.69,0.45,0.66,0.47,10.0,9.0,"22,102",Central Harlem North-Polo Grounds,32
05M362,,,,,,,0.99,,9.0,7.0,"20,901",Morningside Heights,26
05M367,0.865,,0.365,0.7120000000000001,0.59,0.23,0.45,0.46,9.0,7.0,219,Manhattanville,26
05M369,0.7,0.397,0.75,0.5710000000000001,0.68,0.6,0.77,0.49,9.0,7.0,219,Manhattanville,26
05M499,0.917,0.805,0.816,0.73,0.8,0.76,0.68,0.78,10.0,9.0,236,Central Harlem North-Polo Grounds,32
05M670,0.789,0.5589999999999999,0.895,0.653,0.94,0.63,0.84,0.78,10.0,9.0,228,Central Harlem North-Polo Grounds,32
06M293,,,0.945,,0.88,0.95,0.97,0.86,12.0,10.0,285,Washington Heights North,34
06M346,,,0.723,,0.58,0.45,0.62,0.48,12.0,7.0,241,Washington Heights South,33
06M348,,,0.7290000000000001,,0.66,0.58,0.78,0.58,12.0,10.0,269,Washington Heights North,34
06M423,,,,,,,,,12.0,10.0,291,Marble Hill-Inwood,34
06M462,0.6759999999999999,0.515,0.585,0.429,0.64,0.42,0.55,0.4,12.0,10.0,277,Washington Heights North,34
06M463,0.607,0.45299999999999996,0.642,0.373,0.62,0.45,0.61,0.33,12.0,10.0,277,Washington Heights North,34
06M467,0.733,0.583,0.652,0.528,0.6,0.39,0.69,0.5,12.0,10.0,277,Washington Heights North,34
06M468,0.609,0.40299999999999997,0.573,0.408,0.49,0.36,0.59,0.35,12.0,10.0,277,Washington Heights North,34
06M540,0.826,0.545,0.747,0.634,0.73,0.65,0.76,0.49,9.0,9.0,"21,703",Manhattanville,26
06M552,0.685,0.495,0.764,0.517,0.64,0.56,0.56,0.45,,,,,33
07X221,0.912,0.615,0.889,0.632,0.86,0.63,0.87,0.51,1.0,8.0,43,Mott Haven-Port Morris,40
07X223,,,,,,,,,1.0,8.0,43,Mott Haven-Port Morris,40
07X334,0.59,0.302,0.473,0.41,0.31,0.28,0.4,0.19,1.0,8.0,41,Mott Haven-Port Morris,40
07X427,0.731,0.579,0.603,0.603,0.69,0.53,0.63,0.46,1.0,8.0,63,West Concourse,40
07X473,0.583,0.485,0.6459999999999999,0.39299999999999996,0.51,0.42,0.57,0.27,1.0,17.0,71,Melrose South-Mott Haven North,40
07X495,0.899,0.603,0.889,0.706,0.85,0.69,0.94,0.65,1.0,17.0,71,Melrose South-Mott Haven North,40
07X500,0.9079999999999999,0.82,0.7859999999999999,0.736,0.75,0.76,0.88,0.64,1.0,17.0,73,Melrose South-Mott Haven North,40
07X522,,,,,,,,,1.0,17.0,67,Melrose South-Mott Haven North,40
07X527,0.573,0.387,0.648,0.373,0.62,0.55,0.65,0.55,4.0,17.0,61,East Concourse-Concourse Village,44
07X547,0.5,0.217,0.578,0.195,0.54,0.25,0.54,0.28,4.0,17.0,61,East Concourse-Concourse Village,44
07X548,0.866,0.6629999999999999,0.7290000000000001,0.5489999999999999,0.68,0.48,0.74,0.45,4.0,17.0,61,East Concourse-Concourse Village,44
07X551,0.831,0.605,0.778,0.6629999999999999,0.87,0.65,0.65,0.58,1.0,8.0,51,Mott Haven-Port Morris,40
07X600,0.537,0.141,0.561,0.146,0.51,0.23,0.64,0.19,1.0,17.0,67,Melrose South-Mott Haven North,40
07X670,0.742,0.664,0.738,0.632,0.69,0.54,0.56,0.47,1.0,8.0,63,West Concourse,40
08X269,,,,,0.7,,0.66,0.47,2.0,17.0,89,Hunts Point,41
08X282,0.8640000000000001,0.6579999999999999,0.6759999999999999,0.742,0.66,0.43,0.72,0.51,9.0,18.0,4,Soundview-Castle Hill-Clason Point-Harding Park,43
08X293,0.7170000000000001,0.353,0.6559999999999999,0.39399999999999996,0.8,0.41,0.73,0.54,10.0,13.0,194,Schuylerville-Throgs Neck-Edgewater Park,45
08X312,0.713,0.306,0.613,0.278,0.66,0.34,0.68,0.45,9.0,18.0,16,Soundview-Castle Hill-Clason Point-Harding Park,43
08X332,0.59,0.28600000000000003,0.522,0.37,0.51,0.27,0.46,0.28,2.0,17.0,87,Longwood,41
08X367,,,,,,,0.53,,9.0,18.0,4,Soundview-Castle Hill-Clason Point-Harding Park,43
08X376,,,,,,,0.59,,9.0,18.0,16,Soundview-Castle Hill-Clason Point-Harding Park,43
08X405,0.506,0.418,0.502,0.33799999999999997,0.54,0.33,0.52,0.37,10.0,13.0,194,Schuylerville-Throgs Neck-Edgewater Park,45
08X432,,,,,,,0.66,,9.0,18.0,16,Soundview-Castle Hill-Clason Point-Harding Park,43
08X452,0.698,0.49200000000000005,0.639,0.395,0.52,0.45,0.57,0.32,9.0,18.0,16,Soundview-Castle Hill-Clason Point-Harding Park,43
08X519,0.63,0.272,0.664,0.34600000000000003,0.43,0.32,0.42,0.24,9.0,17.0,28,Soundview-Castle Hill-Clason Point-Harding Park,43
08X530,0.556,0.327,0.49200000000000005,0.32299999999999995,0.42,0.33,0.4,0.22,2.0,17.0,87,Longwood,41
08X558,,,,,,,,,10.0,13.0,194,Schuylerville-Throgs Neck-Edgewater Park,45
08X559,,,,,,,,,3.0,17.0,133,Morrisania-Melrose,42
08X561,,,,,,,,,9.0,18.0,16,Soundview-Castle Hill-Clason Point-Harding Park,43
09X227,0.473,0.364,0.56,0.374,0.57,0.34,0.55,0.34,4.0,16.0,225,East Concourse-Concourse Village,44
09X231,0.716,0.563,0.726,0.526,0.68,0.58,0.71,0.51,6.0,15.0,395,Claremont-Bathgate,48
09X241,0.958,,0.943,0.861,0.89,0.92,0.76,0.69,3.0,16.0,167,Claremont-Bathgate,42
09X250,0.741,0.475,0.818,0.5,0.82,0.46,0.85,0.68,3.0,16.0,"14,701",Claremont-Bathgate,42
09X252,0.833,0.523,0.8190000000000001,0.6759999999999999,0.85,0.65,0.69,0.69,3.0,16.0,167,Claremont-Bathgate,42
09X260,0.847,0.6829999999999999,0.8809999999999999,0.6629999999999999,0.92,0.78,0.88,0.83,3.0,16.0,"14,701",Claremont-Bathgate,42
09X263,0.657,0.5710000000000001,0.65,0.402,0.65,0.41,0.58,0.49,3.0,16.0,167,Claremont-Bathgate,42
09X297,0.6859999999999999,0.301,0.635,0.295,0.63,0.34,0.59,0.39,3.0,16.0,135,Morrisania-Melrose,42
09X324,,,,,0.94,,0.88,0.68,4.0,16.0,"18,302",East Concourse-Concourse Village,44
09X327,,,,,,,,,4.0,14.0,209,West Concourse,44
09X329,0.489,0.337,0.5429999999999999,0.344,0.33,0.37,0.44,0.24,4.0,16.0,225,East Concourse-Concourse Village,44
09X365,0.8109999999999999,,0.821,0.311,0.86,0.42,0.91,0.6,5.0,14.0,"21,502",University Heights-Morris Heights,46
09X403,0.59,0.43799999999999994,0.631,0.41,0.5,0.45,0.68,0.33,3.0,16.0,135,Morrisania-Melrose,42
09X404,0.635,0.28800000000000003,0.569,0.294,0.62,0.27,0.5,0.4,3.0,16.0,135,Morrisania-Melrose,42
09X412,0.508,0.304,0.425,0.303,0.43,0.34,0.45,0.23,4.0,16.0,225,East Concourse-Concourse Village,44
09X413,0.7829999999999999,0.7120000000000001,0.925,0.565,0.88,0.84,0.83,0.69,4.0,16.0,225,East Concourse-Concourse Village,44
09X505,0.7070000000000001,0.626,0.738,0.616,0.84,0.66,0.77,0.7,4.0,16.0,"18,302",East Concourse-Concourse Village,44
09X517,0.8,0.528,0.785,0.522,0.69,0.49,0.72,0.32,3.0,16.0,"14,701",Claremont-Bathgate,42
09X525,0.6709999999999999,0.583,0.6990000000000001,0.419,0.57,0.48,0.61,0.37,3.0,15.0,165,Claremont-Bathgate,42
09X543,0.765,0.319,0.7140000000000001,0.33299999999999996,0.49,0.41,0.62,0.3,3.0,16.0,135,Morrisania-Melrose,42
09X564,,,,,,,,,4.0,16.0,225,East Concourse-Concourse Village,44
10X141,0.87,0.784,0.8390000000000001,0.82,0.78,0.67,0.83,0.61,8.0,11.0,309,North Riverdale-Fieldston-Riverdale,50
10X213,0.69,0.42200000000000004,0.6990000000000001,0.457,0.74,0.44,0.6,0.5,8.0,10.0,309,Marble Hill-Inwood,50
10X225,,,0.833,0.7759999999999999,0.83,0.67,0.76,0.72,5.0,15.0,379,Mount Hope,46
10X237,0.6409999999999999,0.662,0.784,0.397,0.67,0.66,0.68,0.53,8.0,14.0,273,Van Cortlandt Village,50
10X243,0.586,0.324,0.667,0.457,0.74,0.38,0.65,0.4,6.0,15.0,387,Belmont,48
10X268,0.593,0.24100000000000002,0.48200000000000004,0.311,0.48,0.47,0.57,0.4,7.0,11.0,409,Van Cortlandt Village,52
10X284,0.6940000000000001,0.465,0.723,0.439,0.66,0.47,0.65,0.47,8.0,10.0,309,Marble Hill-Inwood,50
10X342,0.64,0.282,0.711,0.34,0.65,0.38,0.61,0.37,7.0,11.0,409,Van Cortlandt Village,52
10X368,0.7709999999999999,0.5,0.8390000000000001,0.593,0.69,0.68,0.9,0.58,8.0,11.0,"29,302",Spuyten Duyvil-Kingsbridge,50
10X374,0.9390000000000001,,0.747,0.789,0.85,0.61,0.83,0.63,6.0,15.0,387,Belmont,48
10X433,0.7020000000000001,0.307,0.529,0.529,0.68,0.3,0.72,0.39,7.0,11.0,409,Van Cortlandt Village,52
10X434,0.726,0.423,0.66,0.466,0.65,0.34,0.7,0.48,6.0,15.0,387,Belmont,48
10X437,0.855,0.325,0.7559999999999999,0.319,0.85,0.33,0.77,0.44,6.0,15.0,387,Belmont,48
10X438,0.457,0.311,0.526,0.37799999999999995,0.38,0.31,0.4,0.22,6.0,15.0,387,Belmont,48
10X439,0.531,0.299,0.586,0.302,0.68,0.45,0.75,0.41,6.0,15.0,387,Belmont,48
10X440,0.5710000000000001,0.43200000000000005,0.499,0.40299999999999997,0.55,0.34,0.45,0.39,7.0,11.0,409,Van Cortlandt Village,52
10X442,0.7879999999999999,0.5479999999999999,0.8220000000000001,0.624,0.87,0.54,0.89,0.62,7.0,11.0,409,Van Cortlandt Village,52
10X477,0.8109999999999999,0.6920000000000001,0.922,0.632,0.9,0.74,0.91,0.76,8.0,10.0,309,Marble Hill-Inwood,50
10X524,,,,,,,,,6.0,15.0,393,Belmont,48
10X546,0.59,0.42700000000000005,0.731,0.41,0.74,0.5,0.71,0.54,8.0,10.0,309,Marble Hill-Inwood,50
10X549,0.622,0.415,0.541,0.44799999999999995,0.57,0.37,0.63,0.29,7.0,11.0,409,Van Cortlandt Village,52
10X565,,,,,,,,,6.0,15.0,393,Belmont,48
11X249,0.917,0.672,,,0.98,0.67,0.97,0.67,10.0,12.0,"46,201",Co-op City,45
11X253,0.615,0.397,0.568,0.33299999999999996,0.54,0.27,0.62,0.18,12.0,12.0,372,Williamsbridge-Olinville,47
11X265,0.6920000000000001,0.46,0.578,0.418,0.66,0.39,0.69,0.41,12.0,12.0,372,Williamsbridge-Olinville,47
11X270,0.575,0.5,0.6990000000000001,0.405,0.74,0.34,0.68,0.43,12.0,12.0,404,Williamsbridge-Olinville,47
11X275,0.762,0.517,0.8190000000000001,0.519,0.85,0.67,0.85,0.53,12.0,12.0,372,Williamsbridge-Olinville,47
11X288,0.8059999999999999,0.653,0.895,0.612,0.89,0.81,0.82,0.72,11.0,13.0,324,Bronxdale,49
11X290,0.7090000000000001,0.54,0.735,0.615,0.66,0.67,0.7,0.62,12.0,12.0,372,Williamsbridge-Olinville,47
11X299,0.655,0.46,0.685,0.414,0.63,0.45,0.65,0.49,11.0,13.0,324,Bronxdale,49
11X418,0.644,0.381,0.624,0.373,0.58,0.35,0.57,0.34,11.0,13.0,228,Pelham Parkway,49
11X455,0.621,0.363,0.6509999999999999,0.321,0.58,0.34,0.66,0.34,10.0,12.0,"46,201",Co-op City,45
11X508,,,,,,,,,11.0,13.0,324,Bronxdale,49
11X509,,,,,,,,,11.0,13.0,324,Bronxdale,49
11X513,0.545,0.516,0.743,0.5,0.84,0.57,0.75,0.72,12.0,12.0,404,Williamsbridge-Olinville,47
11X514,0.46399999999999997,0.183,0.5,0.281,0.57,0.24,0.72,0.34,12.0,12.0,404,Williamsbridge-Olinville,47
11X542,0.925,0.7909999999999999,0.9129999999999999,0.8320000000000001,0.95,0.83,0.89,0.79,11.0,13.0,324,Bronxdale,49
11X544,0.745,0.364,0.721,0.491,0.71,0.57,0.73,0.31,12.0,12.0,372,Williamsbridge-Olinville,47
11X545,,,0.75,0.557,0.74,0.58,0.59,0.36,12.0,12.0,372,Williamsbridge-Olinville,47
12X242,,,,,,,0.8,,9.0,18.0,56,West Farms-Bronx River,43
12X248,0.7,0.42700000000000005,0.747,0.532,0.71,0.42,0.63,0.59,2.0,17.0,131,Longwood,41
12X251,0.6920000000000001,0.342,0.625,0.41700000000000004,0.55,0.41,0.65,0.35,3.0,17.0,155,Crotona Park East,42
12X267,0.775,,0.765,0.7,0.73,0.63,0.89,0.43,3.0,16.0,131,Longwood,42
12X271,0.75,0.34700000000000003,0.75,0.42,0.7,0.46,0.8,0.45,3.0,17.0,161,Crotona Park East,42
12X372,,,,,,,0.66,,6.0,17.0,363,East Tremont,48
12X388,,,0.58,,0.68,0.31,0.76,0.39,9.0,18.0,56,West Farms-Bronx River,43
12X478,,,,,0.97,,0.9,0.68,9.0,18.0,56,West Farms-Bronx River,43
12X479,,,,,0.6,,0.46,0.46,3.0,16.0,131,Longwood,42
12X511,,,,,,,,,3.0,17.0,155,Crotona Park East,42
12X521,,,,,,,,,9.0,18.0,56,West Farms-Bronx River,43
12X682,0.588,0.424,0.589,0.309,0.66,0.44,0.66,0.41,3.0,17.0,157,Crotona Park East,42
12X684,0.5760000000000001,0.542,0.5670000000000001,0.28800000000000003,0.65,0.38,0.62,0.41,6.0,15.0,220,East Tremont,48
13K265,0.795,0.395,0.795,0.507,0.63,0.44,0.66,0.36,2.0,35.0,211,Fort Greene,88
13K350,0.6,0.49,0.607,0.6,0.49,0.47,0.6,0.32,2.0,33.0,15,DUMBO-Vinegar Hill-Downtown Brooklyn-Boerum Hill,84
13K412,0.6629999999999999,0.33799999999999997,0.648,0.462,0.7,0.44,0.78,0.46,3.0,33.0,235,Clinton Hill,79
13K419,0.802,0.39899999999999997,0.738,0.565,0.69,0.51,0.71,0.44,2.0,33.0,15,DUMBO-Vinegar Hill-Downtown Brooklyn-Boerum Hill,84
13K439,0.872,0.617,0.815,0.5429999999999999,0.85,0.64,0.89,0.63,2.0,33.0,15,DUMBO-Vinegar Hill-Downtown Brooklyn-Boerum Hill,84
13K483,0.8640000000000001,0.7979999999999999,0.9129999999999999,0.83,0.89,0.82,0.88,0.82,2.0,33.0,11,DUMBO-Vinegar Hill-Downtown Brooklyn-Boerum Hill,84
13K499,0.6709999999999999,0.341,0.7190000000000001,0.39299999999999996,0.71,0.43,0.67,0.62,8.0,35.0,305,Crown Heights North,77
13K527,,,,,0.78,,0.91,0.71,2.0,33.0,11,DUMBO-Vinegar Hill-Downtown Brooklyn-Boerum Hill,84
13K595,0.9670000000000001,0.9209999999999999,0.968,0.7559999999999999,0.95,0.82,0.98,0.79,3.0,36.0,243,Bedford,79
13K605,0.633,0.322,0.615,0.466,0.67,0.33,0.79,0.35,2.0,33.0,13,DUMBO-Vinegar Hill-Downtown Brooklyn-Boerum Hill,84
13K670,0.9259999999999999,0.722,0.941,0.722,0.95,0.76,0.95,0.79,2.0,35.0,191,Clinton Hill,88
13K674,,,,,0.83,,0.78,0.42,2.0,33.0,13,DUMBO-Vinegar Hill-Downtown Brooklyn-Boerum Hill,84
14K071,0.456,0.327,0.46399999999999997,0.359,0.48,0.3,0.59,0.35,1.0,33.0,529,Williamsburg,90
14K454,0.593,0.316,0.685,0.419,0.49,0.3,0.51,0.22,1.0,34.0,505,East Williamsburg,90
14K474,0.629,0.38,0.753,0.39899999999999997,0.59,0.44,0.59,0.35,1.0,34.0,485,Bushwick South,90
14K477,0.6709999999999999,0.391,0.688,0.524,0.43,0.45,0.54,0.27,1.0,34.0,485,Bushwick South,90
14K478,0.847,0.43200000000000005,0.773,0.544,0.73,0.5,0.76,0.71,1.0,34.0,485,Bushwick South,90
14K488,0.79,0.507,0.7609999999999999,0.617,0.74,0.54,0.83,0.54,1.0,33.0,519,North Side-South Side,94
14K558,0.882,0.505,0.883,0.48,0.9,0.52,0.91,0.52,1.0,33.0,519,North Side-South Side,94
14K561,0.91,0.591,0.9079999999999999,0.73,0.89,0.67,0.87,0.66,1.0,33.0,519,North Side-South Side,94
14K586,0.615,,0.653,0.462,0.6,0.35,0.46,0.32,1.0,34.0,505,East Williamsburg,90
14K610,0.536,0.185,0.636,0.264,0.45,0.38,0.49,0.24,1.0,33.0,517,North Side-South Side,94
14K614,,,,,,,,,1.0,34.0,485,Bushwick South,90
14K685,0.6890000000000001,0.268,0.6809999999999999,0.35600000000000004,0.78,0.34,0.64,0.33,1.0,33.0,529,Williamsburg,90
15K423,,,,,,,,,2.0,33.0,43,DUMBO-Vinegar Hill-Downtown Brooklyn-Boerum Hill,84
15K429,0.613,0.462,0.65,0.493,0.75,0.54,0.54,0.57,6.0,33.0,69,DUMBO-Vinegar Hill-Downtown Brooklyn-Boerum Hill,76
15K448,0.909,0.684,0.823,0.7659999999999999,0.87,0.74,0.9,0.7,6.0,39.0,63,Carroll Gardens-Columbia Street-Red Hook,76
15K462,0.75,0.433,0.813,0.47100000000000003,0.82,0.53,0.85,0.56,6.0,39.0,155,Park Slope-Gowanus,78
15K463,0.614,0.45799999999999996,0.62,0.45799999999999996,0.65,0.42,0.61,0.42,6.0,39.0,155,Park Slope-Gowanus,78
15K464,0.6,0.517,0.625,0.435,0.39,0.5,0.61,0.36,6.0,39.0,155,Park Slope-Gowanus,78
15K497,,,0.698,0.5,0.47,0.52,0.66,0.41,6.0,33.0,69,DUMBO-Vinegar Hill-Downtown Brooklyn-Boerum Hill,76
15K519,0.574,0.295,0.72,0.318,0.79,0.41,0.73,0.48,6.0,33.0,69,DUMBO-Vinegar Hill-Downtown Brooklyn-Boerum Hill,76
15K592,,,,,,,,,2.0,33.0,39,DUMBO-Vinegar Hill-Downtown Brooklyn-Boerum Hill,84
15K656,0.885,0.52,0.778,0.625,0.83,0.59,0.79,0.63,2.0,33.0,39,DUMBO-Vinegar Hill-Downtown Brooklyn-Boerum Hill,84
15K667,,,,,0.71,,0.7,0.51,7.0,38.0,84,Sunset Park West,72
15K684,,,,,,,,,6.0,39.0,155,Park Slope-Gowanus,78
16K455,0.457,0.19699999999999998,0.386,0.212,0.44,0.19,0.42,0.2,3.0,36.0,271,Crown Heights North,81
16K498,0.773,0.373,0.7170000000000001,0.41200000000000003,0.59,0.41,0.79,0.33,3.0,41.0,375,Stuyvesant Heights,81
16K594,0.55,,0.617,0.33299999999999996,0.66,0.31,0.62,0.37,3.0,41.0,379,Stuyvesant Heights,81
16K688,,,,,0.55,,0.43,0.26,3.0,36.0,291,Stuyvesant Heights,81
17K122,,,,,,,,,8.0,36.0,311,Crown Heights North,77
17K382,0.617,0.647,0.722,0.40700000000000003,0.71,0.53,0.63,0.47,14.0,40.0,794,Erasmus,70
17K408,0.7240000000000001,0.5710000000000001,0.607,0.539,0.46,0.42,0.68,0.24,14.0,40.0,794,Erasmus,70
17K524,0.616,0.25,0.573,0.43200000000000005,0.66,0.43,0.57,0.39,9.0,35.0,213,Crown Heights South,71
17K528,0.5329999999999999,0.486,0.767,0.317,0.57,0.52,0.55,0.33,9.0,35.0,213,Crown Heights South,71
17K531,0.787,0.433,0.847,0.36,0.7,0.58,0.82,0.48,9.0,40.0,810,Prospect Lefferts Gardens-Wingate,71
17K537,0.5870000000000001,0.461,0.6990000000000001,0.322,0.68,0.51,0.71,0.46,14.0,40.0,794,Erasmus,70
17K539,0.748,0.449,0.75,0.435,0.71,0.38,0.75,0.38,14.0,40.0,794,Erasmus,70
17K543,0.943,0.934,0.986,0.843,0.96,0.97,0.95,0.89,14.0,40.0,794,Erasmus,70
17K546,0.96,0.905,0.9620000000000001,0.8220000000000001,0.94,0.81,0.93,0.76,9.0,40.0,810,Prospect Lefferts Gardens-Wingate,71
17K547,0.703,0.523,0.688,0.469,0.64,0.42,0.78,0.48,9.0,35.0,213,Crown Heights South,71
17K548,0.705,0.391,0.7440000000000001,0.364,0.68,0.4,0.72,0.38,9.0,35.0,213,Crown Heights South,71
17K590,0.975,0.684,0.988,0.7559999999999999,0.96,0.84,0.92,0.72,9.0,35.0,321,Crown Heights South,71
17K600,0.662,0.48100000000000004,0.726,0.5529999999999999,0.72,0.58,0.77,0.58,9.0,35.0,213,Crown Heights South,71
17K745,,,,,,,,,9.0,40.0,810,Prospect Lefferts Gardens-Wingate,71
17K751,,,,,,,0.71,,8.0,36.0,311,Crown Heights North,77
18K563,0.907,,0.8590000000000001,0.879,0.89,0.79,0.91,0.77,17.0,45.0,936,Rugby-Remsen Village,67
18K566,0.551,,0.5379999999999999,0.34600000000000003,0.51,0.47,0.5,0.36,18.0,46.0,950,Canarsie,69
18K567,0.738,,0.649,0.397,0.63,0.45,0.66,0.46,18.0,46.0,950,Canarsie,69
18K569,0.6629999999999999,,0.77,0.528,0.72,0.53,0.78,0.47,17.0,45.0,936,Rugby-Remsen Village,67
18K576,0.81,,0.9,0.43,0.87,0.54,0.68,0.56,18.0,46.0,950,Canarsie,69
18K617,,,0.631,,0.68,0.45,0.7,0.51,18.0,46.0,990,Canarsie,69
18K629,,,0.722,,0.65,0.39,0.61,0.37,17.0,45.0,936,Rugby-Remsen Village,67
18K633,,,0.9420000000000001,,0.93,0.68,0.9,0.6,18.0,46.0,990,Canarsie,69
18K637,,,0.562,,0.61,0.41,0.68,0.4,18.0,46.0,950,Canarsie,69
18K642,,,0.609,,0.68,0.27,0.61,0.46,18.0,46.0,990,Canarsie,69
19K404,0.855,0.5379999999999999,0.7090000000000001,0.5920000000000001,0.65,0.49,0.8,0.49,5.0,42.0,"1,070",East New York,75
19K409,0.866,0.6,0.8029999999999999,0.522,0.87,0.62,0.93,0.62,5.0,42.0,"1,104",East New York,75
19K502,,,0.772,0.08900000000000001,0.65,0.15,0.72,0.26,5.0,42.0,"1,156",East New York (Pennsylvania Ave),75
19K504,0.715,0.212,0.616,0.293,0.57,0.24,0.52,0.25,5.0,42.0,"1,156",East New York (Pennsylvania Ave),75
19K507,0.629,0.396,0.634,0.381,0.7,0.37,0.71,0.34,5.0,42.0,"1,156",East New York (Pennsylvania Ave),75
19K510,0.6629999999999999,0.305,0.654,0.429,0.65,0.47,0.58,0.48,5.0,42.0,"1,156",East New York (Pennsylvania Ave),75
19K583,0.519,,0.354,0.226,0.29,0.25,0.44,0.18,5.0,37.0,"1,180",park-cemetery-etc-Brooklyn,75
19K615,0.852,0.43,0.7070000000000001,0.485,0.67,0.42,0.64,0.37,5.0,37.0,"1,196",East New York,75
19K618,,,0.637,,0.53,0.53,0.67,0.48,5.0,37.0,"1,180",park-cemetery-etc-Brooklyn,75
19K639,,,0.523,,0.5,0.3,0.53,0.27,5.0,37.0,"1,180",park-cemetery-etc-Brooklyn,75
19K659,0.531,0.389,0.505,0.363,0.47,0.34,0.5,0.31,5.0,37.0,"1,180",park-cemetery-etc-Brooklyn,75
19K660,0.607,0.165,0.6729999999999999,0.253,0.65,0.3,0.5,0.26,5.0,37.0,"1,144",East New York (Pennsylvania Ave),75
19K683,,,0.847,,0.83,0.48,0.84,0.39,5.0,42.0,"1,118",East New York,75
20K445,0.71,0.522,0.726,0.565,0.68,0.6,0.7,0.54,11.0,43.0,182,Bensonhurst West,62
20K485,0.8,0.69,0.855,0.721,0.83,0.79,0.87,0.7,10.0,43.0,70,Bay Ridge,68
20K490,0.703,0.57,0.66,0.5489999999999999,0.7,0.58,0.68,0.58,10.0,43.0,46,Bay Ridge,68
20K505,0.591,0.425,0.635,0.469,0.6,0.49,0.58,0.49,12.0,44.0,468,Borough Park,66
20K609,,,,,,,0.95,,12.0,44.0,230,Borough Park,66
21K337,0.49200000000000005,0.382,0.48,0.475,0.5,0.41,0.61,0.41,13.0,47.0,306,Gravesend,60
21K344,0.675,0.408,0.616,0.5529999999999999,0.78,0.52,0.7,0.61,13.0,47.0,354,West Brighton,60
21K348,0.565,0.5,0.7,0.585,0.74,0.57,0.83,0.4,13.0,47.0,306,Gravesend,60
21K410,0.635,0.466,0.7090000000000001,0.48,0.67,0.55,0.69,0.52,13.0,47.0,354,West Brighton,60
21K468,,,,,0.91,,0.93,0.86,13.0,47.0,306,Gravesend,60
21K525,0.76,0.662,0.804,0.72,0.78,0.76,0.81,0.67,14.0,44.0,768,Midwood,70
21K540,0.659,0.521,0.7240000000000001,0.536,0.74,0.57,0.79,0.56,13.0,47.0,308,Gravesend,60
21K559,0.784,,0.772,0.43200000000000005,0.91,0.49,0.92,0.4,13.0,47.0,306,Gravesend,60
21K572,0.41200000000000003,,0.56,0.441,0.75,0.56,0.81,0.64,13.0,47.0,306,Gravesend,60
21K620,0.504,0.3,0.648,0.337,0.61,0.38,0.57,0.27,13.0,48.0,366,Brighton Beach,60
21K690,0.723,0.562,0.737,0.599,0.76,0.61,0.78,0.55,11.0,47.0,288,Bensonhurst West,62
22K405,0.867,0.828,0.866,0.8170000000000001,0.85,0.74,0.89,0.74,14.0,45.0,772,Flatbush,70
22K425,0.733,0.5920000000000001,0.708,0.5670000000000001,0.75,0.6,0.76,0.63,15.0,48.0,642,Madison,61
22K535,0.958,0.862,0.9890000000000001,0.885,0.96,0.87,0.96,0.91,15.0,48.0,616,Sheepshead Bay-Gerritsen Beach-Manhattan Beach,61
22K555,0.987,0.89,0.9540000000000001,0.887,0.97,0.92,0.99,0.9,7.0,39.0,504,Windsor Terrace,72
23K493,0.642,0.35200000000000004,0.7120000000000001,0.462,0.55,0.49,0.56,0.4,16.0,41.0,"36,501",Ocean Hill,73
23K514,0.769,0.467,0.633,0.418,0.59,0.46,0.53,0.37,16.0,41.0,924,Brownsville,73
23K644,,,,,,,,,16.0,41.0,301,Ocean Hill,73
23K697,0.736,0.35700000000000004,0.816,0.396,0.73,0.55,0.67,0.47,16.0,41.0,924,Brownsville,73
24Q264,0.9059999999999999,0.7609999999999999,0.961,0.752,0.9,0.83,0.91,0.73,2.0,26.0,179,Hunters Point-Sunnyside-West Maspeth,108
24Q267,0.705,0.644,0.762,0.526,0.8,0.6,0.7,0.52,2.0,26.0,179,Hunters Point-Sunnyside-West Maspeth,108
24Q293,,,0.79,,0.85,0.59,0.8,0.81,4.0,25.0,463,Elmhurst,110
24Q296,0.475,,0.475,0.263,0.42,0.33,0.5,0.27,4.0,25.0,463,Elmhurst,110
24Q299,0.9640000000000001,0.96,1.0,0.927,0.96,0.99,0.99,0.86,2.0,26.0,179,Hunters Point-Sunnyside-West Maspeth,108
24Q455,0.624,0.465,0.684,0.395,0.61,0.49,0.65,0.4,4.0,25.0,461,Elmhurst,110
24Q485,0.578,0.385,0.58,0.317,0.6,0.37,0.58,0.38,5.0,30.0,595,Ridgewood,104
24Q520,0.782,0.366,0.755,0.5539999999999999,0.74,0.69,0.7,0.5,2.0,26.0,179,Hunters Point-Sunnyside-West Maspeth,108
24Q530,0.802,0.475,0.7440000000000001,0.569,0.7,0.6,0.82,0.64,2.0,26.0,179,Hunters Point-Sunnyside-West Maspeth,108
24Q550,0.7959999999999999,0.478,0.831,0.524,0.83,0.63,0.85,0.58,4.0,21.0,"43,701",Corona,110
24Q585,,,,,,,,,5.0,30.0,"49,302",Maspeth,104
24Q600,0.767,0.428,0.745,0.526,0.8,0.55,0.8,0.62,2.0,26.0,189,Hunters Point-Sunnyside-West Maspeth,108
24Q610,0.879,0.65,0.89,0.565,0.88,0.8,0.94,0.82,2.0,26.0,179,Hunters Point-Sunnyside-West Maspeth,108
25Q252,,,0.91,,0.92,0.9,0.93,0.86,8.0,24.0,"1,257",Kew Gardens Hills,107
25Q263,0.5870000000000001,0.40700000000000003,0.602,0.424,0.7,0.51,0.69,0.58,7.0,20.0,863,Murray Hill,109
25Q281,0.843,0.767,0.9209999999999999,0.747,0.92,0.75,0.92,0.8,7.0,20.0,845,Flushing,109
25Q285,0.903,0.768,0.9009999999999999,0.8190000000000001,0.91,0.76,0.95,0.8,11.0,19.0,"1,139",Auburndale,111
25Q425,0.66,0.38299999999999995,0.654,0.431,0.66,0.47,0.66,0.51,8.0,24.0,809,Kew Gardens Hills,107
25Q460,0.604,0.358,0.5920000000000001,0.371,0.54,0.41,0.57,0.39,7.0,20.0,"1,161",Flushing,109
25Q525,1.0,1.0,1.0,1.0,1.0,1.0,1.0,1.0,8.0,24.0,809,Kew Gardens Hills,107
25Q670,0.742,0.48700000000000004,0.764,0.653,0.81,0.75,0.82,0.65,8.0,24.0,"77,908",Kew Gardens Hills,107
26Q415,0.853,0.716,0.841,0.755,0.87,0.73,0.84,0.76,11.0,23.0,"138,501",Oakland Gardens,111
26Q430,0.875,0.68,0.888,0.7859999999999999,0.86,0.77,0.86,0.74,11.0,20.0,"1,417",Auburndale,111
26Q435,0.643,0.45299999999999996,0.555,0.445,0.53,0.4,0.54,0.45,13.0,23.0,"1,301",Bellerose,105
26Q495,0.862,0.745,0.914,0.733,0.92,0.77,0.91,0.79,11.0,19.0,"1,097",Bayside-Bayside Hills,111
26Q566,0.8809999999999999,0.7020000000000001,0.885,0.696,0.9,0.74,0.9,0.74,13.0,23.0,"1,567",Bellerose,105
27Q260,0.695,0.547,0.696,0.552,0.52,0.4,0.59,0.38,14.0,31.0,"100,802",Far Rockaway-Bayswater,101
27Q262,0.9009999999999999,0.7040000000000001,0.909,0.723,0.86,0.61,0.97,0.66,14.0,32.0,"94,201",Breezy Point-Belle Harbor-Rockaway Park-Broad Channel,100
27Q302,,,0.809,,0.61,0.46,0.72,0.28,14.0,31.0,"100,802",Far Rockaway-Bayswater,101
27Q308,,,0.8490000000000001,,0.9,0.65,0.95,0.72,10.0,32.0,58,Ozone Park,106
27Q309,,,0.778,,0.65,0.67,0.59,0.55,14.0,31.0,"100,802",Far Rockaway-Bayswater,101
27Q323,1.0,,0.9890000000000001,0.97,1.0,0.94,1.0,0.98,14.0,32.0,938,Breezy Point-Belle Harbor-Rockaway Park-Broad Channel,100
27Q324,,,,,,,0.57,,14.0,32.0,"94,201",Breezy Point-Belle Harbor-Rockaway Park-Broad Channel,100
27Q351,,,,,,,,,14.0,32.0,"94,201",Breezy Point-Belle Harbor-Rockaway Park-Broad Channel,100
27Q400,0.67,0.314,0.406,0.297,0.39,0.24,0.4,0.24,12.0,28.0,294,Springfield Gardens North,113
27Q475,0.586,0.354,0.601,0.354,0.58,0.39,0.52,0.36,9.0,28.0,120,Richmond Hill,102
27Q475,0.586,0.354,0.601,0.354,0.58,0.39,0.52,0.36,9.0,28.0,124,Richmond Hill,102
27Q480,0.6409999999999999,0.33,0.536,0.39399999999999996,0.52,0.4,0.55,0.34,10.0,32.0,864,South Ozone Park,106
27Q650,0.9790000000000001,0.593,0.963,0.821,0.98,0.82,0.95,0.74,9.0,28.0,114,Richmond Hill,102
28Q167,,,,,,,,,6.0,29.0,645,Forest Hills,112
28Q284,,,,,0.94,,0.96,0.86,12.0,27.0,258,South Jamaica,103
28Q310,,,0.813,,0.8,0.63,0.8,0.68,8.0,24.0,452,Briarwood-Jamaica Hills,107
28Q325,,,,,,,0.83,,8.0,24.0,452,Briarwood-Jamaica Hills,107
28Q328,,,,,,,0.82,,8.0,24.0,452,Briarwood-Jamaica Hills,107
28Q350,,,0.975,,0.95,0.8,0.82,0.78,8.0,24.0,452,Briarwood-Jamaica Hills,107
28Q440,0.8440000000000001,0.649,0.8640000000000001,0.662,0.86,0.69,0.84,0.72,6.0,29.0,747,Forest Hills,112
28Q505,0.7559999999999999,0.529,0.71,0.545,0.72,0.56,0.74,0.6,8.0,24.0,448,Briarwood-Jamaica Hills,107
28Q620,0.877,0.6970000000000001,0.856,0.6940000000000001,0.84,0.71,0.88,0.67,8.0,24.0,452,Briarwood-Jamaica Hills,107
28Q680,0.99,0.898,0.9420000000000001,0.898,0.97,0.83,0.95,0.91,8.0,24.0,"1,267",Pomonok-Flushing Heights-Hillcrest,107
28Q686,,,,,,,0.89,,6.0,29.0,645,Forest Hills,112
28Q690,0.785,0.512,0.7120000000000001,0.546,0.76,0.58,0.74,0.5,12.0,28.0,278,Baisley Park,113
28Q896,0.9470000000000001,,0.9620000000000001,0.807,0.87,0.93,0.85,0.79,8.0,24.0,236,Briarwood-Jamaica Hills,107
29Q248,0.674,0.39799999999999996,0.57,0.43200000000000005,0.67,0.36,0.66,0.32,12.0,31.0,330,Springfield Gardens North,113
29Q259,0.8029999999999999,0.6559999999999999,0.7759999999999999,0.59,0.75,0.51,0.81,0.59,12.0,27.0,508,Hollis,113
29Q265,0.6779999999999999,0.436,0.767,0.41700000000000004,0.83,0.46,0.85,0.49,12.0,31.0,330,Springfield Gardens North,113
29Q272,0.813,0.65,0.757,0.42,0.8,0.5,0.84,0.56,12.0,31.0,330,Springfield Gardens North,113
29Q283,0.684,0.45,0.826,0.40700000000000003,0.8,0.62,0.81,0.54,12.0,31.0,330,Springfield Gardens North,113
29Q326,,,,,,,0.8,,12.0,23.0,480,Jamaica,103
29Q327,,,,,,,,,12.0,27.0,432,St. Albans,113
29Q492,0.746,0.455,0.774,0.563,0.69,0.55,0.66,0.5,13.0,27.0,"53,401",Cambria Heights,105
29Q498,0.7609999999999999,0.515,0.777,0.47700000000000004,0.74,0.51,0.78,0.49,13.0,27.0,"53,401",Cambria Heights,105
30Q286,,,,,0.95,,0.94,0.9,1.0,22.0,69,Old Astoria,114
30Q301,,,0.9620000000000001,,0.97,0.8,0.96,0.76,2.0,26.0,1,Hunters Point-Sunnyside-West Maspeth,108
30Q445,0.565,0.434,0.63,0.43200000000000005,0.66,0.44,0.69,0.46,1.0,26.0,163,Astoria,114
30Q450,0.657,0.429,0.561,0.429,0.59,0.4,0.63,0.43,1.0,22.0,45,Astoria,114
30Q501,0.934,0.836,0.966,0.8759999999999999,0.94,0.85,0.98,0.8,1.0,26.0,57,Astoria,114
30Q502,0.726,0.489,0.741,0.52,0.67,0.57,0.68,0.49,2.0,26.0,19,Hunters Point-Sunnyside-West Maspeth,108
30Q555,0.726,0.435,0.667,0.444,0.7,0.45,0.62,0.51,1.0,26.0,33,Queensbridge-Ravenswood-Long Island City,114
30Q575,0.89,0.813,0.8809999999999999,0.852,0.92,0.87,0.89,0.91,1.0,26.0,33,Queensbridge-Ravenswood-Long Island City,114
30Q580,1.0,0.903,0.966,0.922,0.98,0.92,0.98,0.98,1.0,26.0,55,Queensbridge-Ravenswood-Long Island City,114
31R047,0.941,0.9009999999999999,0.966,0.8240000000000001,0.97,0.95,0.9,0.88,2.0,51.0,"27,702",Todt Hill-Emerson Hill-Heartland Village-Lighthouse Hill,121
31R064,,,0.8440000000000001,,0.8,0.68,0.91,0.62,2.0,51.0,"27,702",Todt Hill-Emerson Hill-Heartland Village-Lighthouse Hill,121
31R080,0.866,0.8170000000000001,0.9,0.677,0.92,0.79,0.91,0.79,2.0,50.0,177,Todt Hill-Emerson Hill-Heartland Village-Lighthouse Hill,122
31R440,0.7559999999999999,0.473,0.7609999999999999,0.528,0.73,0.51,0.78,0.54,2.0,50.0,"11,202",New Dorp-Midland Beach,122
31R445,0.639,0.414,0.625,0.475,0.61,0.42,0.67,0.43,1.0,49.0,213,Port Richmond,121
31R450,0.698,0.456,0.738,0.47700000000000004,0.79,0.51,0.8,0.56,1.0,49.0,7,West New Brighton-New Brighton-St. George,120
31R455,0.835,0.639,0.845,0.652,0.83,0.66,0.85,0.66,3.0,51.0,198,Annadale-Huguenot-Prince's Bay-Eltingville,123
31R460,0.812,0.647,0.7829999999999999,0.74,0.81,0.69,0.84,0.7,2.0,50.0,181,Todt Hill-Emerson Hill-Heartland Village-Lighthouse Hill,122
31R600,0.63,0.366,0.6679999999999999,0.461,0.6,0.44,0.75,0.42,1.0,49.0,9,West New Brighton-New Brighton-St. George,120
32K168,,,,,,,,,4.0,37.0,435,Bushwick North,83
32K403,0.728,0.382,0.648,0.34,0.75,0.37,0.62,0.36,4.0,37.0,435,Bushwick North,83
32K545,0.601,0.44799999999999995,0.665,0.47,0.7,0.42,0.59,0.53,4.0,34.0,393,Bushwick South,83
32K549,0.6829999999999999,0.55,0.635,0.327,0.55,0.34,0.69,0.31,4.0,37.0,435,Bushwick North,83
32K552,0.634,0.252,0.513,0.309,0.51,0.28,0.48,0.31,4.0,37.0,435,Bushwick North,83
32K554,1.0,0.581,0.9740000000000001,0.7709999999999999,0.97,0.84,0.94,0.74,4.0,37.0,433,Bushwick North,83
32K556,0.489,0.314,0.43200000000000005,0.252,0.7,0.23,0.68,0.38,4.0,34.0,393,Bushwick South,83
02M139,,,,,,,,,1.0,1.0,29,Chinatown,18
02M135,,,,,,,,,4.0,3.0,127,Clinton,5
05M157,,,,,,,,,11.0,9.0,206,Central Harlem North-Polo Grounds,25
10X264,,,,,,,,,6.0,15.0,393,Belmont,48
10X351,,,,,,,,,7.0,11.0,409,Van Cortlandt Village,52
08X349,,,,,,,,,10.0,13.0,194,Schuylerville-Throgs Neck-Edgewater Park,45
07X259,,,,,,,,,1.0,8.0,35,Mott Haven-Port Morris,40
08X320,,,,,,,,,10.0,13.0,194,Schuylerville-Throgs Neck-Edgewater Park,45
08X348,,,,,,,,,10.0,13.0,194,Schuylerville-Throgs Neck-Edgewater Park,45
10X353,,,,,,,,,7.0,11.0,409,Van Cortlandt Village,52
22K611,,,,,,,,,15.0,48.0,626,Sheepshead Bay-Gerritsen Beach-Manhattan Beach,61
30Q258,,,,,,,,,1.0,26.0,51,Queensbridge-Ravenswood-Long Island City,114
29Q243,,,,,,,,,13.0,27.0,"53,401",Cambria Heights,105
24Q236,,,,,,,,,4.0,25.0,461,Elmhurst,110
25Q241,,,,,,,,,7.0,20.0,"1,161",Flushing,109
25Q240,,,,,,,,,7.0,20.0,"1,161",Flushing,109
03M485,0.982,0.861,0.995,0.9329999999999999,0.98,0.86,0.99,0.8,7.0,6.0,151,Lincoln Square,20
31R605,1.0,0.99,1.0,0.9,1.0,1.0,1.0,0.99,2.0,50.0,134,New Dorp-Midland Beach,122
02M475,0.985,0.8540000000000001,0.9940000000000001,0.987,0.98,0.99,0.99,0.97,1.0,1.0,"31,703",Battery Park City-Lower Manhattan,1
05M692,0.982,0.934,0.99,0.604,0.99,0.98,0.99,0.95,9.0,9.0,"21,703",Manhattanville,26
10X696,1.0,0.9359999999999999,1.0,0.988,1.0,0.99,1.0,0.99,8.0,11.0,409,Van Cortlandt Village,50
13K430,0.977,0.867,0.96,0.948,0.98,0.83,0.98,0.91,2.0,35.0,33,Fort Greene,88
10X445,1.0,0.9940000000000001,0.9990000000000001,0.9990000000000001,1.0,1.0,1.0,0.96,7.0,11.0,409,Van Cortlandt Village,52
14K449,0.914,0.961,0.986,0.857,1.0,0.87,0.99,0.97,1.0,34.0,505,East Williamsburg,90
28Q687,1.0,0.972,0.983,1.0,0.99,0.84,1.0,0.89,12.0,27.0,246,Jamaica,103
