UEMPRATE,cartodb_id,borocode,withssi,withsocial,withpubass,struggling,profession,popunemplo,poptot,popover18,popinlabou,poororstru,poor,pacificune,pacificinl,pacific,otherunemp,otherinlab,otherethni,onlyprofes,onlymaster,onlylessth,onlyhighsc,onlydoctor,onlycolleg,onlybachel,okay,mixedunemp,mixedinlab,mixed,master,maleunempl,maleover18,male_pro,male_mastr,male_lesHS,male_HS,male_doctr,male_collg,male_BA,maleinlabo,maledrop,male16to19,male,lessthan10,lessthanhi,households,hispanicun,hispanicin,hispanic,highschool,field_1,femaleunem,femaleover,fem_profes,fem_master,fem_lessHS,fem_HS,fem_doctor,fem_colleg,fem_BA,femaleinla,femaledrop,femal16_19,female,europeanun,europeanin,european,doctorate,comm90plus,comm_less5,comm_60_89,comm_5_14,comm_45_59,comm_30_44,comm_15_29,college,bachelor,asianunemp,asianinlab,asian,americanun,americanin,american,africanune,africaninl,african,ntaname,boroname,popdty,ntacode,medianinco,medianagem,medianagef,medianage,HHsize,gini
0.0957850,1,3,652,5067,277,6421,889,2225,48351,36150,23229,10226,3805,0,0,231,115,780,1253,1254,4635,2734,29374,365,20231,11362,38123,12,241,745,3381,1105,16650,650,2015,1361,13405,161,9149,5083,12131,39,1450,23370,641,2734,16432,202,2097,4154,9143,24,1120,19500,604,2620,1373,15969,204,11082,6279,11098,47,1048,24981,1407,17665,37825,365,1578,247,4137,2941,1833,4194,5129,8869,6727,213,1198,2298,0,10,16,478,3293,5983,Georgetown-Marine Park-Bergen Beach-Mill Basin,Brooklyn,497498.701,BK45,1520979,663.3,777.1,722.6,2.96421052631579,0.386315789473684
0.0900112,2,3,2089,7132,1016,10981,1075,2652,61584,50300,29463,20847,9866,20,64,112,96,365,958,1592,5496,6094,39445,517,26074,16743,40385,75,226,576,3904,1428,22838,780,2514,2677,17844,269,12396,8129,15059,5,1372,28670,3036,6094,25070,305,1941,4812,13371,2,1224,27462,812,2982,3417,21601,248,13678,8614,14404,14,1074,32914,1623,21997,45514,517,1663,122,7185,2436,3782,4667,5632,9331,11247,410,4857,9815,0,9,25,428,1945,4584,Sheepshead Bay-Gerritsen Beach-Manhattan Beach,Brooklyn,589296.926,BK17,1054259,791.4,868.5,827.6,2.46578947368421,0.448089473684211
0.1303928,3,3,3231,8847,2891,21235,712,6483,100130,77348,49719,49800,28565,0,208,236,467,2437,6363,1162,5501,14357,52523,450,32407,16187,49421,97,906,1929,4339,3463,33383,585,2112,6093,21885,255,12946,6897,22603,209,3040,44442,6695,14357,40818,743,5196,11610,20116,29,3020,43965,577,3389,8264,30638,195,19461,9290,27116,151,2940,55688,470,7986,12433,450,2369,361,6936,2276,8410,13272,6785,16220,10686,91,1263,2128,30,61,157,5328,36761,76884,Crown Heights North,Brooklyn,1506628.84,BK61,980637,863.1,983.9,923.8,2.42925925925926,0.473666666666667
0.0866325,4,3,1103,3508,553,7188,475,1709,33155,28943,19727,14676,7488,0,0,0,253,1888,4241,615,3089,5964,19097,140,14036,9312,18471,36,250,585,2474,916,13189,251,1369,2591,9102,93,6746,4270,9736,43,680,15587,1481,5964,14888,605,5154,10927,5061,46,793,15754,364,1720,3373,9995,47,7290,5042,9991,56,652,17568,1014,14008,20732,140,187,270,1351,939,2113,7764,4017,4724,6223,138,2143,3951,31,104,191,237,1318,3455,East Williamsburg,Brooklyn,468975.876,BK90,519058,333.6,350.1,341.3,2.189,0.44139
0.0991838,5,4,326,2229,132,5307,187,1276,24199,19099,12865,7366,2059,0,0,0,364,3151,5304,198,976,3630,13179,11,7821,4001,16143,18,250,486,778,680,9337,140,478,1711,6546,11,3972,1938,7205,32,512,12281,295,3630,7749,675,5126,8781,5358,135,596,9762,58,498,1919,6633,0,3849,2063,5660,91,716,11918,557,5835,11155,11,1323,321,2304,1436,1084,2308,2101,3820,3025,314,3248,6486,0,83,116,23,255,652,College Point,Queens,125384.135,QN23,354073,219,246.3,232.4,2.95666666666667,0.413133333333333
0.0560341,6,5,277,2213,58,3183,283,618,24083,17857,11029,4148,965,0,0,0,0,165,347,347,1819,1606,14276,64,9409,4788,18993,9,249,487,1472,338,9386,134,608,1102,7102,57,4575,2133,6319,26,615,12491,293,1606,7622,0,1237,2969,4867,181,280,8471,213,1211,504,7174,7,4834,2655,4710,49,615,11592,568,10030,21305,64,1416,141,2357,737,1302,1753,2438,4621,2969,29,399,1044,12,12,27,0,174,873,Charleston-Richmond Valley-Tottenville,Staten Island,23106.907,SI11,342708,148.3,148.7,148.5,3.0025,0.415
0.0680922,7,4,267,3324,62,2871,1039,933,25619,20621,13702,4373,1502,0,8,8,60,473,621,1405,3929,1560,17392,366,13958,10002,21126,0,155,325,2524,378,9743,697,1696,833,8105,181,6903,4737,6964,0,586,12681,350,1560,9677,138,1643,2812,3434,152,555,10878,708,2233,727,9287,185,7055,5265,6738,0,677,12938,473,7718,14449,366,944,127,2177,1876,1130,2972,2775,3956,6073,338,4871,9427,0,19,19,62,451,770,Douglas Manor-Douglaston-Little Neck,Queens,62122.542,QN45,554014,257.5,286.7,273.9,2.66166666666667,0.4302
0.0658088,8,5,238,3182,103,2297,404,941,28727,22490,14299,4052,1755,0,0,0,34,71,103,499,2196,1787,17929,95,11227,6037,24627,0,174,274,1697,533,11142,295,888,913,8696,49,5554,2859,7729,21,938,14589,459,1787,9786,115,1375,2393,6702,177,408,11348,204,1308,874,9233,46,5673,3178,6570,0,587,14138,871,13649,27311,95,1566,87,2512,1378,1473,2433,3472,5190,3841,36,389,942,0,0,0,0,16,97,Annadale-Huguenot-Prince's Bay-Eltingville,Staten Island,53723.419,SI01,521048,228.8,263,248.1,2.90333333333333,0.4045
0.0686399,9,5,576,5182,172,3388,357,1461,43427,33761,21285,5635,2247,0,0,0,0,117,219,436,3555,2143,27933,79,16967,8645,37790,0,83,315,3119,795,15877,286,1243,953,12867,53,8151,3854,11240,0,1324,21259,363,2143,15289,104,1563,3169,10966,194,666,17884,150,2312,1190,15066,26,8816,4791,10045,0,990,22168,1427,20259,41048,79,2903,241,3912,2183,1601,3544,4407,8322,5090,24,716,1675,0,44,106,10,38,64,Great Kills,Staten Island,115318.53,SI54,718593,311.1,345.6,330.3,2.8375,0.3697875
0.0825416,10,2,2341,5594,886,11957,219,1894,53800,40449,22946,24626,12669,0,0,0,400,8627,21794,279,1768,9477,24580,60,14451,5710,28851,47,643,1444,1489,1093,16980,115,513,3797,9954,36,5222,1866,10411,153,1977,23977,2510,9477,18657,947,13306,33128,10129,58,801,23469,164,1255,5680,14626,24,9229,3844,12535,62,1778,29823,379,3659,8785,60,2076,199,6037,1657,2120,4682,3544,8741,3942,0,364,898,10,84,131,1058,9569,20748,Soundview-Castle Hill-Clason Point-Harding Park,Bronx,455122.73,BX09,490852,374.9,445.6,413.4,3.00833333333333,0.458366666666667
0.0000000,11,4,0,0,0,0,0,0,0,0,0,0,0,0,0,0,0,0,0,0,0,0,0,0,0,0,0,0,0,0,0,0,0,0,0,0,0,0,0,0,0,0,0,0,0,0,0,0,0,0,0,175,0,0,0,0,0,0,0,0,0,0,0,0,0,0,0,0,0,0,0,0,0,0,0,0,0,0,0,0,0,0,0,0,0,0,0,Airport,Queens,0,QN98,NA,NA,NA,NA,NA,NA
0.0733558,12,4,1155,4504,811,12447,1423,2716,60575,51282,37025,19532,7085,0,0,0,359,3272,5532,1931,6434,8224,37864,508,26871,17313,40259,75,763,1828,4503,1462,25474,1137,3207,3994,19129,224,13375,8598,20294,38,1057,29889,1660,8224,26309,1004,12227,21198,10993,142,1254,25808,794,3227,4230,18735,284,13496,8715,16731,14,812,30686,1556,23358,36175,508,797,143,3384,1790,5805,12393,8384,9558,10879,605,8787,15435,0,49,134,121,739,1471,Hunters Point-Sunnyside-West Maspeth,Queens,878133.637,QN31,NA,NA,NA,NA,NA,NA
0.0773032,13,4,276,1712,356,3045,316,1189,28201,20505,15381,5005,1960,0,0,0,23,200,328,332,1646,2026,15529,16,11112,5269,23098,21,268,469,1314,621,8516,195,541,831,6092,10,4071,1834,6350,23,879,12209,182,2026,7896,68,905,1678,4417,122,568,11989,137,1105,1195,9437,6,7041,3435,9031,0,819,15992,87,934,2094,16,2503,92,2409,1036,1946,2765,2567,5843,3623,28,746,1113,0,0,35,1030,13233,24162,Rosedale,Queens,92751.145,QN05,506307,189.9,220.9,204.3,3.525,0.34105
0.0829493,14,2,582,4015,107,4087,567,1170,26139,21814,14105,6744,2657,0,0,0,325,3377,5284,700,2309,3762,16198,133,10393,5404,19140,39,238,581,1609,743,10153,421,1117,1363,7880,57,5311,2560,7232,0,511,12231,961,3762,11247,408,4843,8201,5805,59,427,11661,279,1192,2399,8318,76,5082,2844,6873,28,522,13908,726,9550,18673,133,834,233,2912,1633,1452,2408,2916,4989,3095,28,510,905,0,16,16,52,414,680,Pelham Bay-Country Club-City Island,Bronx,169827.815,BX10,340905,255.6,280.1,267.5,2.35333333333333,0.430983333333333
0.1983642,15,2,1590,2074,997,7075,44,2110,27562,18912,10637,19004,11929,0,0,12,898,4251,10920,44,301,7125,8394,0,4414,1333,7474,170,556,1369,257,792,8902,8,76,3400,3711,0,1618,528,4883,175,893,13202,2360,7125,8877,1545,8093,20729,3980,65,1318,10010,36,225,3725,4683,0,2796,805,5754,101,845,14360,452,2790,7299,0,378,96,1843,957,1374,1869,1374,3081,1032,19,70,149,0,16,54,571,2933,7759,Hunts Point,Bronx,394247.975,BX27,149520,208.5,246,228.5,2.9375,0.489625
0.2084009,16,3,2654,3412,1207,7556,341,2570,30018,23558,12332,17105,9549,0,0,21,269,1167,2612,496,1353,6461,13994,155,7566,3584,12286,39,143,622,857,1289,10632,249,614,2887,5906,101,3197,1503,6019,83,1258,13849,2455,6461,11215,515,2876,7069,6428,4,1281,12926,247,739,3574,8088,54,4369,2081,6313,63,881,16169,694,4946,12724,155,1280,128,1729,1033,1264,1758,1939,3982,2231,82,1324,3113,30,79,187,1456,4663,10739,Seagate-Coney Island,Brooklyn,264094.095,BK21,236991,338,385.3,370.6,2.5025,0.4332625
0.1044188,17,4,1974,4026,1258,9383,465,2252,50294,35869,21567,21130,11747,0,0,0,161,1963,3986,655,2731,7666,22544,190,14112,7022,27307,55,711,1553,2076,1192,16031,421,1383,3754,9488,127,5916,3130,10297,114,1366,23253,3073,7666,16060,519,5843,12627,8432,128,1060,19838,234,1348,3912,13056,63,8196,3892,11270,22,1441,27041,578,6901,19970,190,3259,280,3832,3000,1632,2637,4029,7090,4291,20,465,957,0,80,148,1438,11413,23680,Far Rockaway-Bayswater,Queens,214853.77,QN15,354594,237.9,275.3,258,3.08875,0.4900375
0.0801688,18,3,36,47,0,58,28,19,416,288,237,220,162,0,0,0,0,0,0,28,53,73,178,0,135,128,196,0,35,35,25,0,134,0,8,27,88,0,68,61,107,0,0,180,0,73,170,0,75,86,43,51,19,154,28,45,46,90,0,67,67,130,0,12,236,0,144,286,0,7,0,6,0,65,66,12,7,75,0,0,0,0,0,0,19,58,95,park-cemetery-etc-Brooklyn,Brooklyn,NA,BK99,NA,NA,NA,NA,NA,NA
0.1354467,19,2,43,72,7,299,0,94,1377,986,694,576,277,0,0,0,31,209,493,7,54,241,646,7,429,184,709,0,42,64,47,53,423,7,18,108,278,7,161,79,293,0,26,643,55,241,482,55,357,789,217,89,41,563,0,36,133,368,0,268,105,401,19,40,734,24,176,293,7,53,0,177,44,61,91,139,245,130,12,70,89,0,0,0,27,197,438,park-cemetery-etc-Bronx,Bronx,2062.683807,BX99,NA,NA,NA,NA,NA,NA
0.1067881,20,2,842,5119,516,5918,310,2451,46104,36077,22952,12997,7079,0,0,0,648,5639,10700,432,2658,5669,25457,122,15189,6976,31986,46,496,1463,2226,1252,17240,178,1025,2422,11868,44,7223,3196,11876,25,1442,22319,1423,5669,16655,922,9052,18254,10268,82,1199,18837,254,1633,3247,13589,78,7966,3780,11076,39,1312,23785,1416,13907,27274,122,2009,289,3365,2492,2239,3818,5111,8213,4318,23,524,1091,0,98,246,318,2236,5330,Schuylerville-Throgs Neck-Edgewater Park,Bronx,297663.8433,BX52,958549,572.7,627.9,602,2.71066666666667,0.397386666666667
0.1029062,21,4,270,4079,84,3907,847,1689,32331,25418,16413,5633,1726,0,0,0,49,538,1054,1071,3194,2833,20280,224,13639,7999,26473,33,222,557,2123,947,12030,466,1271,1352,9377,77,6522,3641,8742,21,783,15482,336,2833,11544,188,2411,4701,6641,156,742,13388,605,1923,1481,10903,147,7117,4358,7671,23,699,16849,1393,12702,25273,224,682,231,2513,2210,1351,3212,3561,5640,4805,213,2877,5220,0,0,29,1,74,198,Whitestone,Queens,109972.478,QN49,632863,333.6,347.4,343,2.8425,0.4153625
0.1033108,22,3,1163,3174,1258,15047,473,2902,54932,42106,28090,28895,13848,0,0,0,872,8393,16638,753,2698,14503,21335,280,13798,8093,23505,80,632,1581,1945,1285,22821,455,1388,7570,11813,203,7512,4122,16314,367,1298,29432,1798,14503,17023,1767,16355,34060,7537,13,1617,19285,298,1310,6933,9522,77,6286,3971,11776,193,1308,25500,1227,12746,24381,280,1845,258,5741,2252,4395,5685,3658,5705,5395,465,4552,8749,110,364,817,148,1402,2766,Sunset Park West,Brooklyn,848532.119,BK32,NA,454.6,489.2,464.1,NA,NA
0.1212121,23,4,0,60,0,49,0,24,438,368,198,64,15,0,0,0,0,0,4,0,28,88,235,0,189,102,302,0,10,10,28,24,145,0,8,31,101,0,83,38,93,0,15,196,0,88,162,0,36,65,46,176,0,223,0,20,57,134,0,106,64,105,0,13,242,24,115,271,0,0,6,73,0,15,53,13,87,74,0,64,93,0,0,0,0,9,60,park-cemetery-etc-Queens,Queens,NA,QN99,NA,NA,NA,NA,NA,NA
0.1341300,24,4,603,3123,239,4763,112,1897,26959,20692,14143,8198,3435,23,23,23,17,435,1243,153,1057,2854,15482,41,10258,3582,18405,0,26,129,904,888,8455,55,392,1361,6050,0,3754,1117,5938,48,715,11295,645,2854,9939,97,662,1952,5224,120,1009,12237,98,665,1493,9432,41,6504,2465,8205,68,742,15664,25,114,472,41,2110,118,2523,805,1352,2428,1945,6676,2525,0,228,454,0,12,12,1832,13221,24626,Springfield Gardens North,Queens,83415.27,QN02,169006,106,118.1,112.7,2.97666666666667,0.383066666666667
0.0642470,25,3,1218,3662,189,2966,142,439,15472,14185,6833,4786,1820,0,0,0,0,0,1,252,1810,1272,12146,110,8300,5413,10686,8,15,84,1558,214,5891,131,877,451,5153,48,3488,2449,2934,7,194,6552,920,1272,8026,0,32,169,3846,5,225,8294,121,933,821,6993,62,4812,2964,3899,0,117,8920,430,6618,15109,110,552,36,1843,534,686,1051,1340,2887,3603,0,46,110,0,0,0,1,92,168,West Brighton,Brooklyn,248939.42,BK23,158958,229,233.1,232.7,1.935,0.4605
0.1493091,26,3,1558,5944,1215,15492,453,5511,69397,54130,36910,30224,14732,0,0,0,361,1777,3751,602,3675,8671,37883,149,22900,10320,38380,59,623,1377,3073,2757,23351,312,1277,3953,15623,75,9149,4083,16552,84,1814,31645,2851,8671,26016,499,3161,7020,14983,28,2754,30779,290,2398,4718,22260,74,13751,6237,20358,118,1749,37752,351,4106,8055,149,2632,145,6175,2116,6546,7829,4027,12580,6645,51,737,1508,0,86,173,4689,29581,54533,Prospect Lefferts Gardens-Wingate,Brooklyn,1205452.098,BK60,726125,593.6,713.7,667.6,2.56555555555556,0.423022222222222
0.0506964,27,1,151,1851,118,1741,3089,1325,37506,32460,26136,4427,2686,0,0,0,3,668,1496,4313,10612,1149,26679,1224,25482,22078,31675,44,506,1146,6299,597,15801,2539,5494,389,13253,726,12658,10956,13786,0,478,18720,970,1149,18931,101,1973,3623,1197,107,728,16659,1774,5118,760,13426,498,12824,11122,12350,0,454,18786,797,18928,26482,1224,344,1069,809,4389,1484,6240,8913,3404,11466,387,5110,7133,1,14,41,93,910,1208,Battery Park City-Lower Manhattan,Manhattan,367771.299,MN25,904097,231,241.5,237.4,1.93142857142857,0.4898
0.1381307,28,3,1149,2224,213,2799,93,668,12822,10167,4836,6829,4030,0,0,0,0,282,869,148,905,1582,7249,55,4422,1999,5984,14,77,271,757,393,3083,85,178,576,2045,45,1009,388,1540,0,418,4442,1521,1582,6378,128,940,2696,2827,48,275,7084,63,727,1006,5204,10,3413,1611,3296,0,215,8380,134,1356,5022,55,447,16,721,350,908,1248,432,2423,1094,17,158,319,24,67,110,479,2896,6231,Starrett City,Brooklyn,62938.59,BK93,49725,60.6,91.8,84.1,2,0.4818
0.1603129,29,4,1047,2551,1325,6315,336,2418,35500,25029,15083,16573,10258,0,0,0,150,1385,2939,382,1088,5456,15971,46,8843,3543,17651,43,275,802,706,1274,10776,168,391,2107,6977,36,3896,1560,7069,66,1209,16469,2037,5456,12157,644,3747,9127,7128,127,1144,14253,214,697,3349,8994,10,4947,1983,8014,52,1117,19031,487,3373,8545,46,2169,129,2953,969,1292,2243,2085,5300,2455,39,359,966,47,91,153,1652,9555,22095,Hammels-Arverne-Edgemere,Queens,134121.34,QN12,338136,247.3,291.7,267.9,2.8475,0.456525
0.0000000,30,2,0,0,0,0,0,0,9741,9146,0,0,0,0,0,0,0,0,2205,5,12,4285,1930,5,867,127,0,0,0,200,7,0,8226,0,7,3763,1760,0,766,95,0,1168,1406,8821,0,4285,0,0,0,3304,1063,88,0,920,5,5,522,170,5,101,32,0,16,34,920,0,0,1421,5,0,0,0,0,0,0,0,740,115,0,0,202,0,0,7,0,0,5706,Rikers Island,Bronx,15974.23,BX98,NA,28.8,34.9,29.2,NA,NA
0.1341388,31,3,2706,5942,2648,21523,210,4996,91956,64654,37245,51994,30471,0,143,276,502,3314,7030,288,2139,13229,40343,78,18467,6479,39378,125,563,1270,1851,2676,26896,136,686,5754,15756,37,6256,2269,16555,130,3334,40807,6309,13229,30771,1551,10200,25812,21876,42,2320,37758,152,1453,7475,24587,41,12211,4210,20690,233,3336,51149,776,5756,16326,78,1976,239,5908,1583,8630,9378,3464,11988,4340,86,719,1625,40,94,171,3467,26630,65258,East New York,Brooklyn,1069761.9644,BK82,936755,758.4,920.3,847.8,2.98814814814815,0.469051851851852
0.0921762,32,3,1517,5594,810,13889,507,4120,86160,64933,44697,26462,12573,0,0,0,203,1674,3768,670,4771,8240,47139,163,30123,13583,59127,24,342,676,4101,2062,28242,342,1588,3564,19853,38,11712,4664,19737,40,3177,38598,2516,8240,27669,301,3211,7428,17016,26,2058,36691,328,3183,4676,27286,125,18411,8919,24960,122,2699,47562,196,2405,6774,163,4986,194,10686,1891,5827,8998,6711,16540,8812,102,1267,2323,0,26,149,3595,38870,72470,Canarsie,Brooklyn,1171109.73,BK50,NA,NA,NA,NA,NA,NA
0.1028318,33,5,758,2709,975,5242,407,1438,31214,22717,13984,13664,8422,0,0,0,98,1135,2681,521,2352,3313,16258,114,10550,5655,17098,132,518,1158,1831,834,10591,316,905,1511,7548,72,4773,2627,7101,134,1048,15078,1835,3313,11686,502,3722,8653,5708,184,604,12126,205,1447,1802,8710,42,5777,3028,6883,101,1136,16136,624,6254,13100,114,1568,139,2663,1438,1296,2052,2798,4895,3303,6,715,1731,0,0,15,578,5325,12529,West New Brighton-New Brighton-St. George,Staten Island,223375.034,SI22,520272,344.5,381.8,362.2,2.66090909090909,0.455590909090909
0.0000000,34,5,0,0,0,0,0,0,0,0,0,0,0,0,0,0,0,0,0,0,0,0,0,0,0,0,0,0,0,0,0,0,0,0,0,0,0,0,0,0,0,0,0,0,0,0,0,0,0,0,0,195,0,0,0,0,0,0,0,0,0,0,0,0,0,0,0,0,0,0,0,0,0,0,0,0,0,0,0,0,0,0,0,0,0,0,0,park-cemetery-etc-Staten Island,Staten Island,NA,SI99,NA,NA,NA,NA,NA,NA
0.0834218,35,4,406,4969,162,3940,286,1179,28769,23461,14133,6506,2566,0,0,0,120,809,1338,481,1808,3721,17750,195,9918,4937,22213,43,552,1091,1327,595,10496,223,758,1857,7696,86,4406,2037,7024,63,518,13020,433,3721,11261,297,2824,6010,7832,164,584,12965,258,1050,1864,10054,109,5512,2900,7109,0,613,15749,960,12148,24781,195,1065,152,2635,1641,1486,2731,2684,4981,3129,22,289,572,0,26,52,34,309,935,Lindenwood-Howard Beach,Queens,72866.735,QN57,274894,185.9,186.8,185,2.555,0.41235
0.0659835,36,5,271,3093,127,2252,273,792,24202,19023,12003,4313,2061,0,0,0,57,437,600,374,2061,1516,15565,101,9880,5419,19845,10,122,413,1687,535,9065,168,838,630,7362,48,4737,2593,6548,0,699,11971,284,1516,9083,108,1478,2872,5685,179,257,9958,206,1223,886,8203,53,5143,2826,5455,5,527,12231,593,10209,20888,101,1009,123,1634,2249,1054,2032,2668,4461,3358,32,911,1789,0,0,31,100,324,481,Westerleigh,Staten Island,83557.033,SI07,592003,270.6,308.8,285.8,2.68285714285714,0.367514285714286
0.1317302,37,4,842,3584,518,5780,435,2131,33532,26404,16177,11324,5544,0,0,0,148,1494,3304,656,2470,3520,18224,221,12940,7133,20543,97,473,1270,1814,977,12524,380,1115,1555,8658,137,6143,3523,8629,0,1213,15867,1422,3520,11797,390,3274,6700,5284,147,1154,13880,276,1355,1965,9566,84,6797,3610,7548,36,1606,17665,769,7301,14257,221,1501,145,3259,1400,1668,2461,2750,5807,4663,667,5398,10810,33,67,90,417,1444,3801,Pomonok-Flushing Heights-Hillcrest,Queens,166958.99,QN38,436329,256.9,259.8,257.4,2.85,0.424828571428571
0.1448317,38,1,2097,3793,913,14618,523,4139,50358,39455,28578,26779,12161,0,18,18,2464,12341,23174,906,4061,10590,23583,383,17399,10385,23385,74,1244,2508,3155,2018,19000,515,1769,4950,11056,206,8002,4910,15032,281,1350,24812,1886,10590,18168,3474,20253,37889,6184,90,2121,20455,391,2292,5640,12527,177,9397,5475,13546,76,1136,25546,1002,10925,17310,383,1181,211,4309,2210,4998,5309,3927,7014,6324,92,561,737,1,82,204,506,3401,6407,Marble Hill-Inwood,Manhattan,737692.57,MN01,301285,244.6,273.6,258.7,2.67142857142857,0.434528571428571
0.0881278,39,4,684,4845,274,7801,796,2581,49001,41683,29287,14374,6573,0,0,0,313,2544,3857,1069,4818,6027,31266,273,22681,14858,34618,20,496,1079,3749,1471,20070,612,2429,2858,15181,177,11301,6963,15799,26,886,24114,1304,6027,20793,533,6403,10978,8585,173,1110,21613,457,2389,3169,16085,96,11380,7895,13488,9,639,24887,1835,22507,38107,273,554,237,3884,2137,5228,8001,4799,7823,10040,240,2866,4581,0,136,160,173,738,1217,Steinway,Queens,618926.6,QN72,NA,NA,NA,NA,NA,NA
0.0884607,40,5,691,2229,600,5870,108,1212,30473,21987,13701,11281,5411,0,0,0,209,1593,3394,155,1333,3241,15231,47,8546,3741,19067,50,534,1774,1178,647,9955,87,533,1477,6769,47,3654,1597,6722,54,1062,14153,976,3241,10025,464,5073,11744,6685,182,565,12032,68,800,1764,8462,0,4892,2144,6979,19,1161,16320,497,5776,13581,47,1988,150,2007,1311,1052,2445,3069,4805,2408,77,1236,2444,12,63,156,367,4499,9124,Mariner's Harbor-Arlington-Port Ivory-Graniteville,Staten Island,118699.2067,SI12,417929,228.4,271.5,251.1,2.985,0.4347375
0.0955331,41,3,1316,4689,366,9899,476,1758,41899,31759,18402,15752,5853,0,0,0,54,592,1067,757,2805,4726,23371,281,14134,8496,26003,60,143,562,2048,858,15612,547,1578,2288,11261,231,7093,4440,10609,8,1165,20742,1379,4726,15435,103,1631,2881,9237,6,900,16147,210,1227,2438,12110,50,7041,4056,7793,5,972,21157,1406,15244,35395,281,729,302,4024,1519,2580,3287,3159,5638,5691,238,2209,4336,0,19,55,0,195,484,Homecrest,Brooklyn,617485.82,BK25,726502,567.7,614.1,597.6,2.774375,0.46663125
0.1177950,42,3,1024,2427,636,3277,900,1780,26982,22202,15111,9113,5836,0,0,0,134,1220,2417,1078,4708,3649,15358,178,12551,9163,16210,84,614,1306,3630,914,9250,452,1787,1581,6374,118,5259,3739,6710,68,597,11367,1405,3649,11560,341,2394,5101,2807,32,866,12952,626,2921,2068,8984,60,7292,5424,8401,127,760,15615,343,6337,9095,178,416,66,1326,821,2057,4980,2582,3388,4455,169,1436,2283,0,23,37,1050,5481,11844,Fort Greene,Brooklyn,502640.51,BK68,593123,328,353.4,336.6,2.189,0.46321
0.0915700,43,5,544,1428,480,3698,223,1058,23858,17789,11554,8414,4716,0,0,0,40,650,1455,316,1310,3134,10515,93,6848,3378,13406,7,302,707,994,599,7539,107,530,1196,4662,29,3014,1548,5445,87,924,10469,824,3134,7941,224,2793,6357,3667,180,459,10250,209,780,1938,5853,64,3834,1830,6109,65,1275,13389,387,4975,10431,93,1110,117,2045,1577,1376,1503,2295,3470,2068,235,1730,3169,0,18,35,389,3879,8061,Grymes Hill-Clifton-Fox Hills,Staten Island,63920.02,SI08,232524,119,119.2,116.5,2.5075,0.39765
0.0843606,44,1,1504,3067,1096,8282,1006,1971,46694,36530,23364,20634,12352,0,0,0,104,1868,4702,1457,6109,5240,26167,451,19697,13205,25727,138,789,1599,4652,996,16112,759,2658,2304,11381,284,8399,5720,10881,61,1019,21442,2949,5240,18506,277,3617,8793,6470,95,975,20418,698,3451,2936,14786,167,11298,7485,12483,30,1101,25252,374,6730,10227,451,575,89,1606,1554,2591,7666,5339,6492,7096,17,1044,1809,10,57,159,1328,12843,28198,Central Harlem South,Manhattan,935588.42,MN11,461086,341.5,355.8,346.6,2.413,0.53362
0.1568460,45,3,1091,3485,644,9911,268,3117,41243,30071,19873,19654,9743,0,0,0,180,950,1801,389,2024,5040,19562,121,12465,5825,21335,30,105,295,1635,1610,13839,206,790,2215,8695,72,5733,2628,9428,79,1107,19627,2083,5040,14662,244,1467,3154,7097,30,1507,16232,183,1234,2825,10867,49,6732,3197,10445,89,1219,21616,330,4209,11237,121,863,258,2465,1808,3018,4573,2770,6640,3801,0,302,577,0,0,76,2577,14293,27257,Crown Heights South,Brooklyn,654216.19,BK63,358170,260.2,296.9,278,2.91444444444444,0.466544444444444
0.1217872,46,4,762,4862,457,7065,229,3459,51098,39509,28402,11124,4059,0,35,154,75,1033,1729,317,2578,4708,29462,88,19060,7814,39176,66,434,948,2261,1757,17221,148,791,2498,12081,27,7095,2632,12927,11,1492,23386,720,4708,15308,107,1521,3181,10402,125,1702,22288,169,1787,2210,17381,61,11965,5182,15475,49,1624,27712,20,431,1444,88,4001,93,5719,1752,2958,4710,4563,11246,5236,73,450,760,23,46,174,3202,25906,45889,St. Albans,Queens,469592.956,QN08,NA,860.1,944.6,909.1,NA,NA
0.1416369,47,2,1398,3170,863,8299,138,2338,33728,25939,16507,16276,7977,0,0,0,780,5721,11213,296,1281,6374,16346,158,9939,4211,17038,79,685,1484,985,1412,12038,155,464,3254,7179,98,4150,1693,8297,59,1051,16080,2564,6374,13479,1092,7991,16914,6407,56,926,13901,141,817,3120,9167,60,5789,2518,8210,12,977,17648,640,3560,8431,158,571,18,3830,1263,2135,2714,2742,5728,2930,82,701,1445,12,86,104,745,5754,11051,Bronxdale,Bronx,523326.72,BX07,282549,262.8,317.2,297.8,2.485,0.449225
0.2028342,48,2,1261,1345,1112,6462,64,2376,26336,17234,11714,18058,11596,0,18,36,1093,5677,12682,132,502,6128,7901,68,4472,1593,7979,83,252,893,370,1005,7316,73,187,2532,3067,9,1586,523,5324,362,1225,11876,1812,6128,8338,1639,7709,18064,3429,76,1371,9918,59,315,3596,4834,59,2886,1070,6390,153,840,14460,295,1292,3050,68,474,68,1772,1010,1780,1937,1474,2879,1091,18,175,194,15,90,179,872,4210,9302,Fordham South,Bronx,597576.77,BX40,122945,117.1,147.9,134.4,3.058,0.46806
0.0807681,49,4,1188,3333,827,15246,338,2267,54091,40801,28068,26594,11348,0,269,269,444,6410,11568,415,1350,12232,22845,77,13102,5498,26643,66,548,1238,935,1172,20763,70,671,6362,11126,0,6333,2741,16236,192,1495,27524,1505,12232,16253,1414,17541,32553,9743,136,1095,20038,345,679,5870,11719,77,6769,2757,11832,105,1650,26567,1011,12359,23619,77,2468,226,5393,1884,3470,6495,4415,7604,4148,248,3425,7767,20,266,405,478,4791,9225,Corona,Queens,850345.96,QN25,500159,355.7,381.8,368.4,3.52181818181818,0.421218181818182
0.0751126,50,4,426,3632,245,3780,807,1034,29543,23120,13766,5631,1851,0,0,0,12,373,717,943,3407,2463,18861,136,13310,7616,23164,66,180,349,2464,498,11010,498,1230,1102,8887,37,6420,3349,7011,1,751,14356,407,2463,11319,156,1644,3759,5551,126,536,12110,445,2177,1361,9974,99,6890,4267,6755,0,583,15187,848,11876,25498,136,1326,214,2516,1547,1073,2792,2351,5694,4209,39,233,469,0,8,8,69,1096,2502,Breezy Point-Belle Harbor-Rockaway Park-Broad Channel,Queens,117415.416,QN10,654845,344.8,364,355.6,2.5675,0.391275
0.1875559,51,2,2764,3022,1945,10537,79,3147,41871,28775,16779,28937,18400,0,0,0,1304,7389,19278,79,409,9212,13967,0,7484,2241,12136,157,619,1537,330,1334,12056,22,92,3479,5693,0,2794,854,7938,152,1771,18907,3827,9212,14245,2009,11147,29037,6483,62,1813,16719,57,317,5733,8274,0,4690,1387,8841,201,1729,22964,492,2423,6583,0,1055,228,2943,1253,2295,2600,2332,5243,1832,26,260,356,16,50,107,1152,5993,14010,East Tremont,Bronx,765298.01,BX17,248589,296.9,385.7,345,2.89916666666667,0.50305
0.0751264,52,3,120,1354,189,2343,1140,1055,20449,17454,14043,4646,2303,0,0,0,55,677,1220,1559,4802,1289,14690,419,12942,10718,15758,49,305,780,3243,540,8127,898,2173,599,6932,218,6135,4923,6681,25,203,9720,542,1289,9394,85,1420,2524,1748,31,515,9327,661,2629,690,7758,201,6807,5795,7362,0,313,10729,466,8630,11159,419,500,127,987,385,2900,4977,2044,2224,5916,48,1042,1435,0,31,31,437,3358,5824,Prospect Heights,Brooklyn,336479.12,BK64,493713,207.4,207.1,206.8,2.18833333333333,0.444
0.5698113,53,1,0,0,0,143,0,151,1483,1472,265,1319,1176,0,0,0,21,21,136,12,19,622,801,12,303,86,31,5,5,33,7,137,1208,12,12,498,668,12,230,55,211,0,0,1216,0,622,0,62,94,454,498,118,14,264,0,7,124,133,0,73,31,54,0,0,267,28,69,470,12,19,6,41,4,11,18,15,217,67,0,0,6,0,0,0,97,170,838,park-cemetery-etc-Manhattan,Manhattan,1884.995755,MN99,NA,NA,NA,NA,NA,NA
0.0648869,54,5,617,4461,318,5320,432,1208,39517,30938,18617,8461,3141,0,0,0,0,376,916,674,3540,2863,24956,242,15515,8792,30078,8,132,492,2866,768,14560,436,1703,1149,11806,180,7494,4266,10100,11,972,18784,569,2863,13345,199,2460,5772,9441,178,440,16378,238,1837,1714,13150,62,8021,4526,8517,10,1100,20733,971,14081,29741,242,1273,173,4065,2286,1702,2855,4500,6723,5252,178,3393,6600,0,49,134,51,586,1634,New Springville-Bloomfield-Travis,Staten Island,88863.93258,SI05,846652,333.4,374.2,356.8,2.95444444444444,0.363944444444444
0.0494001,55,5,319,3700,163,3208,881,770,31931,25480,15587,5615,2407,0,0,0,24,303,530,1135,3554,2730,19908,254,12793,7710,25711,0,139,331,2419,440,11885,696,1848,1255,9212,120,6312,3814,8177,0,869,15087,397,2730,11096,120,1498,2935,7115,185,330,13595,439,1706,1475,10696,134,6481,3896,7410,0,877,16844,690,12679,26037,254,1377,214,2767,2397,1527,2586,3314,5083,4156,42,2130,4206,0,0,6,14,321,821,Todt Hill-Emerson Hill-Heartland Village-Lighthouse Hill,Staten Island,86147.377,SI24,611438,296.6,311.6,305.2,2.85571428571429,0.412614285714286
0.0780159,56,3,805,2321,775,11018,140,1609,47526,34082,20624,24238,13220,0,0,0,283,2889,6226,175,923,8322,19462,35,8130,3009,23169,69,342,712,748,810,15788,64,343,3687,8908,20,3464,1238,10945,150,1815,22721,2187,8322,13634,944,12813,29024,11332,43,799,18294,111,580,4635,10554,15,4666,1771,9679,35,1830,24805,561,10226,23808,35,1059,57,3483,508,4935,6256,2068,5121,2086,157,1430,3483,0,15,90,539,5684,13207,Cypress Hills-City Line,Brooklyn,797781.07,BK83,648452,468.2,524.1,496.5,3.46,0.472225
0.0841316,57,1,191,2931,261,2285,1656,1133,21864,19975,13467,4558,2273,0,0,0,57,314,529,2177,5712,620,15992,521,14787,12610,17306,101,340,480,3535,628,8718,1008,2461,236,7340,242,6859,5935,6649,0,41,9646,623,620,10481,167,899,1311,1205,117,505,11257,1169,3251,384,8652,279,7928,6675,6818,0,65,12218,882,10702,16173,521,263,159,562,901,1001,4137,4099,2177,6898,93,1645,3593,0,0,13,0,466,1076,Stuyvesant Town-Cooper Village,Manhattan,206727.51,MN50,196932,75.6,82.5,78,2.085,0.4677
0.1241022,58,2,1738,1885,792,7218,24,1175,25542,17179,9468,17227,10009,0,11,21,477,4858,12178,71,361,6226,7924,47,4219,1105,7876,48,247,792,290,515,7345,54,138,2750,3074,30,1346,341,4838,154,1155,11721,2227,6226,8318,777,7017,18343,3705,70,660,9834,17,223,3476,4850,17,2873,764,4630,169,869,13821,210,1488,4114,47,544,196,1621,774,1182,2131,1250,3114,744,32,153,323,0,29,54,408,2682,8060,Longwood,Bronx,331591.53,BX33,102323,120.1,152.9,141.4,2.932,0.48754
0.0703366,59,3,1765,6520,1987,27502,873,2710,106203,65900,38529,63836,36334,0,0,0,163,3375,6175,1232,4058,15325,39704,359,19608,10192,41766,0,227,381,2826,1612,33195,880,2380,8266,19146,237,10205,5499,22353,156,3412,54766,2375,15325,28325,329,5821,11039,20096,45,1098,32705,352,1678,7059,20558,122,9403,4693,16176,139,3071,51437,2086,28421,85730,359,1494,834,5889,6833,4057,5933,7475,9416,6134,439,6050,12991,0,12,25,22,425,901,Borough Park,Brooklyn,1560260.03,BK88,1103775,710.7,783.3,742.1,3.73571428571429,0.466164285714286
0.1117083,60,3,1141,5175,921,11371,197,3201,56277,43739,28655,20271,8900,0,0,0,86,587,1273,267,2045,6678,31482,70,17641,6595,35729,42,257,563,1778,1539,18576,92,573,2638,13425,17,7079,2217,12308,29,1605,25251,2213,6678,20055,143,1115,2617,13841,50,1662,25163,175,1472,4040,18057,53,10562,4378,16347,142,1344,31026,79,540,1153,70,3057,317,6548,1468,4374,5094,3621,11046,4550,6,582,965,11,91,178,2977,26550,52145,Rugby-Remsen Village,Brooklyn,816467.36,BK96,895192,584.9,692.3,655,2.82882352941176,0.421858823529412
0.1057518,61,4,591,2544,272,5471,355,1515,27943,23184,14326,9197,3726,0,0,0,119,928,1757,500,2038,4474,16149,145,10907,6490,18627,28,267,882,1538,724,11025,230,889,1891,7870,92,5355,3261,7602,13,539,13333,883,4474,8870,238,2365,4318,5242,159,791,12159,270,1149,2583,8279,53,5552,3229,6724,9,432,14610,433,4161,8057,145,999,66,3240,1178,1259,2760,2505,4417,4452,909,8570,16426,0,50,217,26,350,604,East Flushing,Queens,358662.47,QN52,713248,480.4,506.2,493.6,3.16666666666667,0.426616666666667
0.0946486,62,4,283,1425,126,4565,168,1185,23070,17715,12520,8766,4201,0,46,46,398,5685,9739,207,738,4217,10867,39,5467,2522,14005,47,485,709,531,535,9295,149,384,2356,5406,22,2562,1211,7265,27,675,12001,403,4217,6264,659,8606,14746,5400,138,650,8420,58,354,1861,5461,17,2905,1311,5255,26,570,11069,282,2699,5102,39,851,158,2280,969,1300,2727,2541,2945,1784,9,455,1314,0,56,66,449,3094,6094,East Elmhurst,Queens,300553.11,QN27,446564,252.2,283.8,267.2,3.63875,0.4166625
0.0844740,63,4,226,2513,134,3337,403,864,20684,16713,10228,5075,1738,0,24,40,43,650,915,623,2523,2327,12672,220,9038,5679,15582,18,141,460,1900,404,7909,365,1069,1061,5956,171,4413,2713,5425,27,489,10047,269,2327,7182,173,1444,2745,3634,155,460,8804,258,1454,1266,6716,49,4625,2966,4803,0,413,10637,526,4698,10254,220,935,132,2069,978,950,1840,1936,3359,3156,256,4563,8669,6,6,23,15,146,323,Auburndale,Queens,129414.62,QN48,481591,274.4,300.2,289.7,2.91857142857143,0.393785714285714
0.1545235,64,2,1634,4927,1429,15334,141,4598,61503,44489,29756,28380,13046,0,30,32,657,3805,8574,240,1854,8770,29436,99,18415,7297,32297,48,425,1542,1614,2145,19027,88,604,3849,12099,47,7009,2427,13136,172,1930,27457,2625,8770,20322,845,5550,13502,11021,79,2453,25462,152,1250,4921,17337,52,11406,4870,16620,89,1868,34046,165,1649,4304,99,2676,131,6094,1797,3316,4892,4897,11118,5443,55,546,1038,93,212,349,3580,23058,45664,Williamsbridge-Olinville,Bronx,978497.89,BX44,845829,622.2,726.5,677.8,3.03,0.425105
0.0866689,65,4,739,4536,521,10110,836,2371,51509,42803,27357,16798,6688,0,0,0,135,1968,3667,1098,4456,7745,30893,262,20518,12828,33980,92,706,1317,3358,1340,20312,536,2042,3165,14940,163,10254,6134,14809,9,1039,24824,1454,7745,17877,392,4170,7766,10375,158,1031,22491,562,2414,4580,15953,99,10264,6694,12548,11,1084,26685,624,8395,17432,262,1761,171,6281,2656,2235,5516,5192,7690,8372,1497,15732,28014,0,60,102,23,491,977,Murray Hill,Queens,464172.831,QN51,886570,526.1,567.1,547.4,2.87615384615385,0.418630769230769
0.1670890,66,3,831,1681,1038,5886,40,2176,29854,19933,13023,17339,11453,0,19,29,179,1416,4003,112,465,4968,11224,72,5439,1618,12026,26,155,365,353,1029,8234,52,186,1812,4481,39,1713,553,5692,60,1076,13076,2335,4968,9841,370,3211,8720,5785,44,1147,11699,60,279,3156,6743,33,3726,1065,7331,132,1231,16778,83,1167,3381,72,1035,127,2654,627,2212,2345,1186,3821,1153,0,91,240,0,27,66,1888,10105,21770,East New York (Pennsylvania Ave),Brooklyn,429098.54,BK85,283190,221.2,285.1,258,2.99555555555556,0.4881
0.0945224,67,2,935,2532,237,6319,160,1503,30376,23221,15901,11415,5096,0,0,0,325,3327,6528,215,1820,3871,17084,55,11996,5449,18937,80,767,1386,1605,824,10708,114,706,1810,7811,28,5412,2436,7857,0,688,14394,1096,3871,12590,623,5480,10749,5088,80,679,12513,101,1114,2061,9273,27,6584,3013,8044,0,609,15982,213,1709,3536,55,990,115,4607,813,2691,3005,1591,6547,3629,148,1708,3776,0,41,125,737,8349,15025,Parkchester,Bronx,498327.97,BX46,237017,183.2,181.9,182.1,2.48,0.38318
0.0676790,68,4,301,2537,189,1453,189,722,20212,16673,10668,2839,1386,0,0,0,0,67,123,285,1651,1939,12597,96,8544,4149,17327,6,85,222,1366,440,7494,148,542,890,5643,64,3531,1607,5147,4,711,9274,156,1939,6337,18,501,1026,4053,143,282,9179,137,1109,1049,6954,32,5013,2542,5521,0,661,10938,18,388,686,96,1853,94,1581,848,1112,1897,1902,4395,2498,0,170,423,0,72,125,698,9853,18633,Cambria Heights,Queens,224869.01,QN33,1041587,548.1,584,570.2,3.17769230769231,0.346592307692308
0.1026167,69,3,359,1872,111,4211,236,851,19541,13984,8293,6829,2618,0,0,0,112,504,931,389,1588,1635,10037,153,6737,3923,12687,10,51,131,1199,524,6943,278,786,810,4941,112,3416,2050,4861,101,630,9573,591,1635,6607,172,970,1679,3300,25,327,7041,111,802,825,5096,41,3321,1873,3432,0,751,9968,655,7131,17438,153,227,63,1707,1150,1080,1358,1353,2814,2335,55,451,761,14,35,111,5,88,169,Ocean Parkway South,Brooklyn,286068.243,BK46,457247,296.7,302.3,298.4,3.01111111111111,0.474433333333333
0.0656836,70,1,1106,9004,371,5951,6682,3412,77676,68405,51946,11375,5424,35,207,207,139,895,1590,9109,23440,2738,60452,2427,55827,48787,65860,14,705,1249,14331,1385,29023,4964,10531,1110,26309,1092,24407,21614,23450,36,460,33428,2153,2738,43613,302,3689,7105,4625,111,2027,39382,4145,12909,1628,34143,1335,31420,27173,28496,12,536,44248,2572,43498,64865,2427,809,524,2701,2962,6142,18960,12262,7040,25347,266,5037,7066,17,30,30,369,1574,2669,Yorkville,Manhattan,1430534.42,MN32,845466,345.8,333,339.2,1.78111111111111,0.500977777777778
0.1828532,71,2,1880,2877,1565,11200,57,2939,37872,26488,16073,25177,13977,8,18,35,1035,6707,15929,112,633,8402,13303,55,7409,2172,12387,139,617,1620,521,1573,11602,40,210,3577,5466,40,2697,688,7366,95,1405,17261,2892,8402,12475,1690,9510,23023,5894,72,1366,14886,72,423,4825,7837,15,4712,1484,8707,156,1469,20611,320,1553,4171,55,1187,416,2863,630,2034,3143,2005,5237,1539,4,77,230,0,36,158,1433,7048,15729,Morrisania-Melrose,Bronx,530614.12,BX35,201923,206.9,258.2,232.5,2.98625,0.4634625
0.1366036,72,4,338,1520,238,3480,170,1682,21520,17189,12313,6289,2809,0,60,102,86,1190,1920,243,927,2745,11685,73,7504,3243,14781,80,611,1258,684,777,7783,100,299,1196,5009,28,3028,1317,5854,0,747,9675,376,2745,6273,201,1513,2627,4181,124,905,9406,143,628,1549,6676,45,4476,1926,6459,53,704,11845,92,717,1484,73,1545,156,2270,541,1036,2318,2008,4261,2316,126,1520,2777,0,52,100,1298,8138,13879,Hollis,Queens,227212.49,QN07,586063,301.1,367.6,341.6,3.55,0.413388888888889
0.0704775,73,4,268,4059,77,2461,858,794,22427,18756,11266,3673,1212,0,0,0,0,264,581,1179,3301,1679,15697,321,11631,7828,18334,11,360,975,2122,337,8326,717,1595,679,7035,145,5321,3940,5607,49,464,10254,380,1679,9167,32,892,2024,4066,151,457,10430,462,1706,1000,8662,176,6310,3888,5659,0,392,12173,393,6074,12787,321,1035,137,1925,1364,841,1796,2771,3803,4527,345,4139,7241,0,90,127,45,339,716,Glen Oaks-Floral Park-New Hyde Park,Queens,67266.24,QN44,372525,248.1,255.1,253.8,2.482,0.42798
0.0990264,74,4,1240,8571,1234,24187,1207,5808,105188,84830,58651,43122,18935,0,14,26,1450,12657,22146,1777,6337,18329,55413,570,35039,19404,61413,139,2085,3747,4560,3257,43355,955,3079,9611,27452,331,17332,9583,35387,266,2630,53569,2732,18329,36495,3095,32858,57031,20374,139,2551,41475,822,3258,8718,27961,239,17707,9821,23264,180,2450,51619,2246,28257,50451,570,2288,545,10287,4271,9212,15048,8916,15635,13067,1656,13787,25597,74,196,368,243,1610,2853,Jackson Heights,Queens,1323557.98,QN28,956384,658.9,744.1,701.7,2.97736842105263,0.419921052631579
0.0676443,75,1,1167,4225,661,7107,1915,1739,54326,48489,25708,17504,10397,0,0,0,175,1674,4927,5175,14117,4182,30050,3260,26039,22186,26450,125,923,2413,8942,845,20591,2968,6638,1570,13467,1844,11610,9992,12033,55,2343,23401,3309,4182,20166,438,4614,12360,4011,94,894,27898,2207,7479,2612,16583,1416,14429,12194,13675,25,3856,30925,1000,16116,30773,3260,414,416,1532,4139,2677,6845,5737,3853,8069,140,3600,7845,21,21,29,278,3374,8339,Morningside Heights,Manhattan,885025.472,MN09,584877,300.6,314.9,300.6,2.153,0.54904
0.1402392,76,2,1250,2791,1031,8989,44,2204,35886,25669,15716,21624,12635,0,0,0,555,6073,13700,49,513,8443,13042,5,7054,2305,13874,228,955,2948,464,885,12216,14,200,4097,6206,0,2992,776,8483,118,1049,17126,2075,8443,11247,1337,10136,23070,5988,83,1319,13453,35,313,4346,6836,5,4062,1529,7233,230,1290,18760,335,2251,5343,5,796,126,4171,977,2109,2400,1904,4749,1792,182,1186,2661,62,336,500,842,4905,10734,Soundview-Bruckner,Bronx,608956.73,BX55,286087,298,294.1,293.8,3.09888888888889,0.472277777777778
0.1437785,77,2,719,2981,436,4782,401,2274,33404,25708,15816,9066,4284,0,0,0,596,2890,5993,660,2472,4394,18141,259,11918,6158,22589,20,243,1123,1812,1059,11896,347,834,2075,8278,131,5462,2772,7601,42,801,16059,971,4394,9707,734,4411,9570,6223,69,1215,13812,313,1638,2319,9863,128,6456,3386,8215,3,982,17345,378,5040,11740,259,824,57,2484,1841,1445,2638,3569,5760,3686,196,1555,3115,0,48,89,1084,6022,11344,Allerton-Pelham Gardens,Bronx,331853.6,BX31,740550,417.4,444.3,436.2,3.25454545454545,0.425781818181818
0.0656600,78,3,1330,3616,238,9328,821,1248,40001,31662,19007,13966,4638,0,0,0,44,356,640,1194,3867,4475,23611,373,16150,10600,26001,0,84,310,2673,736,15191,731,1843,2107,11232,234,7681,5109,10541,7,1144,19269,1156,4475,15022,194,1387,2697,7461,23,512,16471,463,2024,2368,12379,139,8469,5491,8466,30,910,20732,977,14094,30103,373,894,31,4633,1657,2537,3902,2999,5550,6733,227,4170,8472,0,11,74,0,280,402,Madison,Brooklyn,612464.38,BK44,867590,599.7,646.6,626.4,2.694,0.42672
0.0943121,79,1,1080,1902,664,5991,45,1033,23845,18674,10953,14531,8540,0,0,0,423,2774,6970,87,1047,5695,9727,42,6244,3061,9114,128,1329,2705,960,640,8640,25,511,2732,4360,8,2682,1236,5319,115,824,11266,1745,5695,8130,702,5267,13312,3483,93,393,10034,62,536,2963,5367,34,3562,1825,5634,47,555,12579,159,2433,4486,42,483,157,931,454,1280,3973,1845,3183,2014,69,584,856,0,0,12,254,3833,8816,Manhattanville,Manhattan,415477.11,MN06,NA,NA,NA,NA,NA,NA
0.0997535,80,4,619,2120,337,6435,494,1578,26470,22086,15819,11107,4672,0,34,34,296,2351,3647,668,2317,4040,14756,174,10665,7359,15224,76,404,792,1649,766,11304,291,1133,1785,7591,84,5604,3839,9116,50,678,13485,1109,4040,10958,616,4754,8356,4091,172,812,10782,377,1184,2255,7165,90,5061,3520,6703,48,509,12985,755,8926,14527,174,429,135,1561,1086,2590,5085,2361,3306,5042,154,2515,4229,8,213,452,289,1366,2789,Old Astoria,Queens,372910.85,QN71,383558,246.2,273.6,258.6,2.50375,0.4417
0.0575125,81,1,398,6905,314,4489,5593,2614,67185,61285,45451,8825,4336,0,0,0,41,643,1128,9069,21199,939,52486,3476,49869,44710,53819,0,992,1907,12130,1245,28762,5010,10266,572,25300,2063,24226,21725,22329,16,1407,31731,1882,939,37218,197,2579,3908,2617,105,1369,32523,4059,10933,367,27186,1413,25643,22985,23122,17,1997,35454,2225,39104,56904,3476,894,1045,884,6586,1825,8397,18813,5159,23511,174,3768,5815,0,65,130,174,841,1301,West Village,Manhattan,1081846.26,MN23,1543420,524.5,489.4,506.6,1.70571428571429,0.5423
0.1211114,82,2,571,4521,465,7505,472,2916,45805,35065,24077,14149,6644,0,0,0,302,2275,4424,631,2822,5611,24755,159,15292,7913,31545,42,356,643,2191,1596,15376,286,1032,2422,10453,56,6014,2963,11023,127,1273,20888,1069,5611,15128,467,3588,7130,9463,85,1320,19689,345,1790,3189,14302,103,9278,4950,13054,28,1236,24917,637,4787,9431,159,2129,60,4312,1822,2352,4958,4441,7379,5091,46,1002,1589,0,27,119,1889,15630,29599,Woodlawn-Wakefield,Bronx,458501.38,BX62,795616,479.3,555.2,524.8,2.92571428571429,0.3887
0.0972253,83,3,2559,8572,1469,22362,591,3928,86592,68463,40401,37857,15495,0,0,0,134,2012,4116,1009,3950,18869,41767,418,22040,11962,48543,29,292,707,2941,2474,33100,509,1733,9385,19707,238,10677,5842,23171,59,1922,41882,2347,18869,29717,466,6072,12500,19727,9,1454,35363,500,2217,9484,22060,180,11363,6120,17230,44,2317,44710,2213,21674,48060,418,2292,323,9686,2974,6205,7194,5851,10078,8012,1519,15552,32319,0,469,621,33,381,769,Bensonhurst West,Brooklyn,1337126.99,BK28,1154642,999.5,1046.5,1017.8,2.88576923076923,0.438080769230769
0.0915063,84,5,263,1586,136,2337,489,794,18310,13792,8677,5132,2795,0,0,0,19,550,893,633,1968,1355,10775,144,7282,4135,12770,47,202,491,1335,528,6855,365,856,651,5258,76,3562,1913,4696,35,508,9334,480,1355,6303,122,1980,4822,3493,189,266,6937,268,1112,704,5517,68,3720,2222,3981,34,453,8976,557,6655,14146,144,749,88,1337,1139,983,1533,1742,3147,2167,47,300,723,0,0,19,124,970,2038,New Brighton-Silver Lake,Staten Island,64727.82,SI35,385105,184.6,201.3,191.6,2.8,0.45406
0.1108116,85,3,1607,3742,1748,23966,214,3987,71460,53792,35980,46003,22037,0,12,56,475,5200,10220,329,1759,23809,22093,115,11894,6663,24997,26,459,1094,1430,2381,27072,146,817,11894,10893,56,5681,3126,21027,202,1936,36563,2385,23809,20544,1016,11628,23746,10199,15,1606,26720,183,942,11915,11200,59,6213,3537,14953,113,1922,34897,788,10389,21965,115,3267,323,8076,3151,3292,7375,4113,5231,4904,2571,18277,35196,0,487,974,127,1141,1955,Sunset Park East,Brooklyn,1209037.4,BK34,NA,NA,NA,NA,NA,NA
0.0939719,86,1,870,4120,506,6819,2333,2912,42931,39918,30988,12227,5408,0,0,0,239,1598,2589,3208,9699,3116,32248,875,28035,22449,30561,65,846,1512,6491,1556,20669,1811,5155,1494,17210,434,14858,11945,16869,27,335,22368,2068,3116,25261,486,4856,8669,4213,99,1356,19249,1397,4544,1622,15038,441,13177,10504,14119,23,351,20563,1857,22390,29503,875,604,519,979,4463,1564,7691,10472,5586,12750,349,4186,5841,0,67,149,402,1901,3337,Clinton,Manhattan,531366.85,MN15,475620,262,245.7,256.2,1.73,0.525814285714286
0.1574543,87,4,668,3392,836,7950,83,2860,36864,26896,18164,16199,8249,0,24,24,356,2548,5350,181,1087,5660,17168,98,10136,3911,20389,74,635,1594,906,1561,11843,66,323,2549,7038,54,3884,1538,8538,106,1210,16880,1385,5660,11627,342,2649,6240,7032,119,1299,15053,115,764,3111,10130,44,6252,2373,9626,104,1335,19984,51,592,1395,98,1716,95,3550,867,2458,3246,2361,6225,2824,181,1292,2336,34,136,327,2164,12937,25838,South Jamaica,Queens,356282.67,QN01,723238,429.1,529,483.7,3.28428571428571,0.432907142857143
0.1057257,88,4,506,1585,150,3454,148,1191,22136,16732,11265,6690,3236,0,0,0,297,2199,4365,192,919,2873,11608,44,6392,2786,15298,202,723,1303,727,668,8235,93,316,1340,5741,28,2920,1191,6073,21,500,10746,512,2873,6837,612,4802,9258,5216,163,523,8497,99,603,1533,5867,16,3472,1595,5192,21,491,11390,424,5008,10183,44,622,115,2275,705,1309,2282,2214,3606,1867,213,2300,4802,9,42,64,46,993,1419,Ozone Park,Queens,158423.63,QN56,NA,NA,NA,NA,NA,NA
0.0919535,89,4,392,4899,304,6405,832,2225,45522,36794,24197,9662,3257,0,6,6,59,1245,2438,1295,5060,4320,28976,463,21150,13701,35310,51,478,1198,3765,1303,17274,728,2331,1973,13564,313,10258,6495,12815,11,989,21714,619,4320,16043,232,3194,6086,7826,153,922,19520,567,2729,2347,15412,150,10892,7206,11382,5,1144,23808,1197,13384,24964,463,1450,111,4007,2137,2301,5570,5189,7449,8641,900,8201,15452,0,93,202,18,790,1262,Bayside-Bayside Hills,Queens,306043.371,QN46,1370116,757.9,784,765,2.83722222222222,0.399344444444444
0.1402249,90,2,1441,3711,1126,11919,238,3592,49715,37784,25616,24341,12422,14,14,27,1704,11957,22229,322,2070,8554,23230,84,14325,6058,24270,315,1009,2345,1748,1637,16742,229,895,3841,10133,52,6290,2545,12422,300,1445,22577,2084,8554,17347,2181,16061,31698,8905,66,1955,21042,93,1175,4713,13097,32,8035,3513,13194,97,1438,27138,466,5391,11673,84,1556,92,5634,1925,3326,4463,3305,8267,3988,130,1016,1776,9,143,241,954,6078,11424,Van Cortlandt Village,Bronx,1001408.73,BX28,407304,332,369.6,351.1,2.847,0.42557
0.0609514,91,3,462,2418,194,5335,807,1289,31522,28194,21148,9185,3850,0,0,0,111,1034,1715,1027,4439,2788,22473,220,17815,12283,22291,32,442,684,3412,841,13775,523,2152,1106,11376,82,9207,6323,11093,5,420,15499,1270,2788,15124,170,2894,4725,4658,37,448,14419,504,2287,1682,11097,138,8608,5960,10055,56,333,16023,1091,18288,26941,220,340,174,1549,1661,2528,8105,3818,5532,7844,37,972,1577,0,217,301,18,185,304,Greenpoint,Brooklyn,376690.56,BK76,768685,415.3,405.1,408.2,2.1075,0.426941666666667
0.1588609,92,2,3623,4348,1959,16205,34,3280,52132,36405,20647,38994,22789,0,0,10,727,6189,15069,70,611,13379,16402,36,8273,2606,12684,41,406,1033,541,1624,16973,4,347,6259,7236,4,3130,1145,11097,348,2244,25356,4511,13379,17497,1870,14830,37563,8129,75,1656,19432,66,264,7120,9166,32,5143,1461,9550,135,1956,26776,737,6466,16636,36,908,106,3293,1529,3320,4868,2324,5667,1995,0,228,572,9,129,262,1766,7212,18550,Mott Haven-Port Morris,Bronx,803806.712,BX39,292015,359.7,440.1,399,2.89692307692308,0.462415384615385
0.1168868,93,2,975,6761,550,7147,340,2487,44304,36364,21277,12382,5235,0,0,0,307,2603,5545,470,2893,5500,26879,130,17709,7895,30323,133,798,1532,2423,1224,15535,231,871,2268,11466,72,6591,2495,9652,58,1129,19239,1485,5500,18258,560,5768,12529,9170,60,1263,20829,239,2022,3232,15413,58,11118,5400,11625,56,1182,25065,284,3051,8010,130,2940,151,4611,1451,2161,3644,3205,9814,5002,57,179,533,20,48,234,1686,14560,28450,Co-op City,Bronx,110145.57,BX13,132948,121.7,133.7,128.5,2.48,0.454033333333333
0.1592821,94,1,3399,7355,2114,19276,1287,6115,78193,60861,38391,41335,22059,0,0,224,620,3415,7407,1683,6157,11793,40034,396,27675,14908,36327,255,1928,4251,4474,3064,27156,786,2521,5137,17337,148,11579,6348,17961,310,2593,36230,5799,11793,33203,1580,8034,17786,12359,91,3051,33705,897,3636,6656,22697,248,16096,8560,20430,268,2084,41963,700,6244,10012,396,848,308,4381,1999,4234,11107,6352,12767,8751,76,1155,2097,40,175,284,4424,25444,53918,Central Harlem North-Polo Grounds,Manhattan,1415043.69,MN03,561459,539.5,600.4,575.5,2.27625,0.4997
0.1506894,95,4,560,1656,654,4695,75,1388,18539,14066,9211,10594,5899,0,0,0,325,1837,3383,119,661,3471,8158,44,4982,2504,7910,30,166,306,542,672,6364,64,344,1442,3499,27,2062,1154,4416,65,731,8552,1366,3471,7283,613,3860,8128,3176,170,716,7702,55,317,2029,4659,17,2920,1350,4795,0,439,9987,512,3755,7436,44,214,73,1135,597,1018,2345,1706,2478,1843,139,1332,2471,5,99,182,377,2006,4761,Queensbridge-Ravenswood-Long Island City,Queens,250616.25,QN68,NA,NA,NA,NA,NA,NA
0.0763445,96,3,3023,2558,342,6630,681,1086,31584,26328,14225,15107,8477,0,0,0,43,372,691,1010,2814,3127,20525,329,14458,9305,16354,14,372,800,1804,688,11881,582,1227,1420,9211,170,6400,4244,7411,119,683,14495,2928,3127,13764,153,1857,4135,6067,3,398,14447,428,1587,1707,11314,159,8058,5061,6814,10,586,17089,751,11135,25322,329,1010,86,3734,1243,1705,2090,2349,5153,6491,236,2009,4171,0,28,74,42,265,526,Brighton Beach,Brooklyn,517644.31,BK19,341212,365.9,415,395.8,2.35111111111111,0.496122222222222
0.0999226,97,3,1935,6333,1063,15444,414,2970,61066,49450,29723,25266,9822,0,0,18,83,1102,2223,586,3584,13766,30761,172,17032,10082,35695,63,323,864,2998,1649,24106,351,1800,6625,15124,103,8258,4820,17101,65,1166,30046,1618,13766,21737,313,3655,7363,13729,10,1321,25344,235,1784,7141,15637,69,8774,5262,12622,27,1201,31020,1579,15878,33602,172,1929,233,7077,2185,3964,5902,4157,6950,6498,1176,12004,23673,0,32,58,69,384,628,Bensonhurst East,Brooklyn,920850.04,BK29,771772,700.9,751.2,734.2,2.80611111111111,0.444205555555556
0.0954840,98,4,109,1819,213,2859,373,869,18177,14093,9101,4978,2119,0,17,50,127,582,1078,535,2103,1273,11284,162,9114,5910,13198,26,230,580,1568,327,6527,326,926,575,5260,107,4261,2887,4776,0,332,8605,413,1273,6582,252,1344,2394,2170,148,542,7566,209,1177,698,6024,55,4853,3023,4325,7,331,9572,350,3005,6377,162,903,62,1729,783,999,1649,1594,3204,3807,322,4687,9149,0,18,18,44,562,925,Fresh Meadows-Utopia,Queens,68853.32,QN41,318200,164.4,162.3,162.9,3.075,0.38575
0.1402976,99,2,588,1708,422,6543,48,1801,27483,19616,12837,12463,5920,0,0,0,829,5903,12204,62,566,4924,11864,14,6921,2840,14781,70,530,1379,504,989,9024,40,223,2289,5349,14,3049,1100,6902,97,1142,12736,948,4924,8788,1196,7853,16952,4943,84,812,10592,22,343,2635,6515,0,3872,1740,5935,123,1173,14747,349,1920,4536,14,782,156,3390,1056,1577,2088,1610,4081,2274,265,1925,3992,0,29,117,288,2530,5255,Westchester-Unionport,Bronx,287616.081,BX59,307537,228.7,231.5,230.1,3.09571428571429,0.432428571428571
0.0908383,100,4,570,3066,68,3939,1016,1399,27500,22996,15401,6618,2679,0,0,0,12,563,963,1275,4048,1946,19326,259,15241,10697,20864,58,351,787,2773,710,10494,753,1981,846,8914,166,7139,5090,7902,0,408,13096,899,1946,12455,194,2608,4667,4085,130,689,12502,522,2067,1100,10412,93,8102,5607,7499,32,420,14404,852,8740,16064,259,678,73,2981,800,2523,3755,2603,4544,6649,339,5110,8787,0,21,53,138,616,846,Rego Park,Queens,344342.46,QN18,462214,311.6,331.4,322.5,2.2375,0.4618625
0.0689960,101,1,383,2650,314,1801,2154,1327,28228,26570,19233,5224,3423,0,16,16,19,259,519,2924,8734,852,21674,770,19871,17353,21202,37,477,789,5810,600,13382,1737,5081,524,11595,529,10810,9597,10792,0,129,14044,1398,852,15964,107,1209,2009,1803,100,727,13188,1187,3653,328,10079,241,9061,7756,8441,0,1166,14184,997,14089,20563,770,226,447,563,4664,814,2537,7099,2518,8619,167,3536,4941,0,66,99,107,790,1301,Midtown-Midtown South,Manhattan,418522.785,MN17,1836030,756.2,NA,745.6,1.61705882352941,0.509076470588235
0.0732323,102,5,752,2244,429,4937,144,870,25635,19948,11880,9729,4792,0,12,26,168,1593,3037,262,1364,3645,13492,118,8095,4372,15278,0,244,722,1102,514,10008,129,618,1981,6448,52,3855,2110,6686,61,719,12697,977,3645,9115,234,3522,7541,5397,191,356,9940,133,746,1664,7044,66,4240,2262,5194,35,814,12938,339,6103,13589,118,1016,176,2248,949,1274,2032,2613,3723,3008,98,1477,2879,0,58,183,265,2361,5199,Stapleton-Rosebank,Staten Island,121387.024,SI37,416062,298.2,328.4,315.1,2.7275,0.4535625
0.1365503,103,1,3383,5500,1996,16383,477,3424,60465,44920,25075,37099,20716,0,21,26,679,7256,18862,807,2826,12193,24871,330,15673,7910,22774,151,771,2289,2019,1683,19059,365,1050,5118,10341,100,6213,3173,11701,342,1977,27272,4585,12193,22183,1788,11938,31253,9198,113,1741,25861,442,1776,7075,14530,230,9460,4737,13374,183,1937,33193,901,5875,12810,330,707,377,2166,1582,3426,7444,4662,7763,5084,61,1169,2239,12,56,251,1620,9927,23988,East Harlem North,Manhattan,803667.11,MN34,324588,315.2,391.2,351.7,2.65363636363636,0.515527272727273
0.1015154,104,3,2078,2687,1134,17428,274,3095,61817,46296,30488,37687,20259,0,0,0,651,11663,26516,312,1700,18411,18848,38,11229,5896,23988,56,679,1515,1388,1689,23777,209,722,9606,9202,23,5032,2736,17855,324,2235,31752,2841,18411,18885,2082,21458,46357,7619,38,1406,22519,103,978,8805,9646,15,6197,3160,12633,295,1926,30065,1495,12308,22177,38,1262,291,4632,2536,4994,8165,4170,5333,4196,102,1758,3645,0,28,126,791,4010,7838,Bushwick North,Brooklyn,963806,BK77,498817,376.8,393.5,382.6,3.19,0.454069230769231
0.0540197,105,1,733,4628,298,4319,4234,1825,49515,45297,33784,9443,5124,0,0,0,11,1039,1995,5437,13278,1274,36284,1203,34053,29246,38225,123,602,1003,7841,900,20601,2852,6306,539,17080,558,15972,13950,16146,20,589,22559,1691,1274,26173,194,2817,5024,2231,102,925,24696,2585,6972,735,19204,645,18081,15296,17638,0,687,26956,1456,26835,37479,1203,568,274,1586,5180,1824,7674,12378,4807,15968,70,4170,6845,0,15,15,165,1123,2178,Murray Hill-Kips Bay,Manhattan,704884.64,MN20,649992,248.5,228.4,238.8,1.81428571428571,0.514471428571429
0.2242342,106,2,2033,2349,1365,7521,50,2489,30715,20921,11100,21610,14089,0,0,0,854,4410,12441,50,325,7126,9425,0,4910,1415,8578,112,319,757,275,1055,8718,43,117,2610,4085,0,2133,567,4977,165,1487,13919,2584,7126,9847,1345,6116,17094,4515,52,1434,12203,7,208,4516,5340,0,2777,848,6123,100,1263,16796,195,830,2663,0,1053,79,1758,611,1465,1724,1221,3495,1090,0,29,42,16,62,210,1312,5450,14602,Claremont-Bathgate,Bronx,494933.93,BX01,197591,198.5,251.1,219.6,3.06625,0.458575
0.0696305,107,5,264,1700,469,2519,147,603,19240,13981,8660,6997,4478,0,0,0,96,980,2200,161,896,2118,10170,14,5791,2569,12180,0,135,278,735,376,6767,85,310,1039,4947,14,2767,1107,4841,28,538,9374,784,2118,6369,170,2439,5946,4379,187,227,7214,76,586,1079,5223,0,3024,1462,3819,13,505,9866,271,5162,11842,14,830,90,1253,1230,512,1292,2478,3222,1673,24,413,923,0,0,0,212,1970,3997,Port Richmond,Staten Island,59026.72,SI28,245172,135.2,140.7,137.4,2.9825,0.43725
0.0712428,108,2,752,2970,272,5868,568,1041,30191,23990,14612,10665,4797,0,0,0,184,3937,7613,1089,2567,5248,16143,521,10621,6144,18963,43,269,642,1478,478,10931,524,930,2389,7377,237,4654,2455,7494,10,572,14417,1053,5248,11364,433,5412,11035,5522,81,563,13059,565,1637,2859,8766,284,5967,3689,7118,19,722,15774,617,6299,14174,521,721,136,3278,1812,1895,2420,2871,4477,3577,102,2229,4552,0,40,85,95,1838,3125,Pelham Parkway,Bronx,499814.408,BX49,435733,334.2,355.9,347.4,2.58777777777778,0.410655555555556
0.0507312,109,1,367,6903,279,2470,4572,1731,48393,44656,34121,5076,2606,0,0,0,6,251,362,5717,15131,759,39835,1145,37472,32421,43082,18,556,845,9414,655,20216,3316,7632,299,18477,611,17642,15768,17063,0,91,22234,1302,759,29094,148,1820,2903,2363,101,1076,24440,2401,7499,460,21358,534,19830,16653,17058,0,287,26159,1518,27387,39094,1145,587,468,1498,5496,1806,6686,13102,5051,17290,162,5173,6894,0,105,105,27,628,1093,Turtle Bay-East Midtown,Manhattan,792659.72,MN19,NA,NA,NA,NA,NA,NA
0.0497692,110,1,925,9179,370,3745,7747,2545,81378,70967,51136,9855,6110,0,32,32,108,543,889,11743,25142,2663,63100,3996,57874,49892,68996,98,833,1871,13399,1126,31132,6106,11658,1271,27616,1997,25240,21936,23679,32,589,36340,2484,2663,43515,209,3009,5788,5226,110,1419,39835,5637,13484,1392,35484,1999,32634,27956,27457,16,673,45038,2142,42065,66070,3996,899,808,2338,6552,4845,15092,14185,7982,24750,93,6284,8736,0,0,59,104,1351,3721,Lenox Hill-Roosevelt Island,Manhattan,1091131.71,MN31,963448,377.8,385.6,380.6,1.857,0.5117
0.1753857,111,2,2619,2501,2040,14395,392,4308,52237,37188,24563,33757,19362,0,0,40,2042,11951,24954,420,1125,11949,18797,28,10904,3611,17888,79,572,1657,705,2317,17593,216,567,5099,9228,27,5227,1798,12718,371,2103,25515,3064,11949,16528,2796,16529,35935,7893,77,1991,19595,204,558,6850,9569,1,5677,1813,11845,102,1914,26722,517,3023,7101,28,1319,177,3685,1863,3095,5307,3165,7293,2486,0,625,1159,45,196,399,1625,8196,16927,Mount Hope,Bronx,1328443.38,BX41,374998,385.7,431.3,410.6,3.10461538461538,0.457092307692308
0.1149247,112,4,534,2853,278,6531,730,2441,38449,31437,21240,11724,5193,0,0,0,568,4360,7320,1126,3792,4725,22984,396,16884,11273,25647,204,1043,1921,2666,1490,15484,777,2047,2123,11318,207,8227,5634,11590,67,1177,19158,674,4725,13557,744,5871,9880,6100,145,951,15953,349,1745,2602,11666,189,8657,5639,9650,22,837,19291,457,5248,10607,396,1224,205,5550,1515,3018,4082,2611,5611,7481,814,7675,13852,17,41,126,381,2873,4623,Briarwood-Jamaica Hills,Queens,378707,QN35,623856,406.8,453.5,429.8,3.09818181818182,0.398663636363636
0.0617507,113,1,2818,16149,1162,13465,11307,5022,135718,114428,81327,28070,14605,0,0,0,274,2172,4240,18126,43800,6896,99701,6819,90693,77530,106147,137,1814,4811,25674,2506,52128,9542,20803,2866,46078,3441,41765,35818,39986,30,1461,62611,5522,6896,66941,1087,9261,20255,9008,96,2516,62300,8584,22997,4030,53623,3378,48928,41712,41341,91,1492,73107,3258,64845,101748,6819,1193,951,3728,4993,7640,25664,24048,13163,33730,435,5712,8779,32,264,735,886,6482,15405,Upper West Side,Manhattan,1783486.99,MN12,1523418,656.8,658.6,656.5,1.97875,0.56453125
0.1040541,114,4,421,4241,87,3089,932,1232,22943,19420,11840,4312,1223,0,0,0,79,442,945,1191,3249,1571,16016,259,11809,7880,18627,0,127,430,2058,746,8884,753,1604,685,7327,109,5511,3752,6103,0,514,10668,600,1571,10253,85,1090,2142,4207,154,486,10536,438,1645,886,8689,150,6298,4128,5737,0,460,12275,865,7875,15499,259,480,72,2098,1026,840,2701,2771,3929,4631,272,3166,5760,0,7,7,16,183,302,Ft. Totten-Bay Terrace-Clearview,Queens,84494.599,QN47,NA,NA,NA,NA,NA,NA
0.1172714,115,2,1215,1794,1076,6376,113,1157,25783,18606,9866,17357,10981,0,0,0,414,4424,11030,127,593,5182,7409,14,4112,1352,5645,25,428,844,466,474,8389,70,308,2188,3546,1,1854,725,5191,128,1271,12173,2201,5182,8319,712,6281,15391,3297,55,683,10217,57,285,2994,3863,13,2258,627,4675,159,1568,13610,321,2774,7599,14,948,59,1178,1786,934,1621,1432,2760,759,32,183,642,0,10,110,365,2047,5558,Belmont,Bronx,323448.34,BX06,107846,125.5,138.1,129.8,2.71,0.46294
0.1419653,116,4,1088,3418,610,13054,338,3752,50922,38784,26429,24794,11740,0,0,0,1221,8611,15659,424,1996,11594,22517,86,13048,6104,25362,252,1403,2866,1572,1960,18536,238,1097,5554,10610,27,6386,3178,14840,130,1298,25103,1598,11594,15700,1280,10043,18959,9469,166,1792,20248,186,899,6040,11907,59,6662,2926,11589,39,1130,25819,263,2930,5723,86,1786,306,7156,1239,3600,4583,3174,6944,4108,920,7171,15459,31,160,324,1065,6154,10891,Jamaica,Queens,566297.979,QN61,NA,NA,NA,NA,NA,NA
0.1019780,117,4,1031,3560,668,14903,382,3480,65199,49140,34125,24220,9317,0,9,17,761,9126,17054,553,2464,11269,30694,171,16576,8821,40488,203,1674,3452,1911,1969,24519,324,1183,5798,14864,109,8307,4471,19456,33,2113,32293,1010,11269,17535,1055,11774,22785,14118,161,1511,24621,229,1281,5471,15830,62,8269,4350,14669,58,1889,32906,856,9101,17795,171,2613,418,8471,2231,4526,5620,5043,7755,6357,1214,10136,19479,37,212,578,409,3833,6824,Richmond Hill,Queens,962084.03,QN54,1482453,856.4,872.4,864.2,3.676,0.39332
0.0652681,118,1,537,7795,451,4208,6495,2380,60205,51287,36465,9755,5547,0,10,10,34,371,922,8674,21866,1827,46166,2179,43161,38313,48959,283,973,1990,13192,1188,24121,4599,10625,802,21550,1082,20435,18385,18996,54,673,28883,1968,1827,32169,401,2899,6563,3005,98,1192,27166,4075,11241,1025,24616,1097,22726,19928,17469,0,802,31322,1905,30040,48136,2179,433,488,1369,3201,2155,10139,12266,4848,16447,60,4126,6573,24,34,44,74,911,2530,Lincoln Square,Manhattan,853817.3,MN14,915858,310.8,319.8,317.7,1.8275,0.5455
0.1325165,119,2,2175,3323,1269,15160,330,3158,52591,37730,23831,32461,17301,0,16,16,1395,13240,28517,386,1172,11469,20376,56,11649,4243,19924,98,467,1458,786,1708,17576,143,387,5410,9264,12,5195,1429,12441,231,1665,24990,3248,11469,18253,1858,16138,35907,8727,54,1450,20154,243,785,6059,11112,44,6454,2814,11390,175,1623,27601,572,3302,8638,56,1153,59,4136,1557,4322,4278,3674,7406,3071,138,1281,2535,9,102,217,946,5381,11210,Bedford Park-Fordham North,Bronx,1093190.63,BX05,322405,321.4,362.2,341.8,2.94272727272727,0.478954545454545
0.1744665,120,2,2080,2363,1433,11063,112,2796,37065,25698,16026,25180,14117,0,0,0,933,6773,15769,140,700,7784,13679,28,7734,2159,11506,39,200,636,560,1201,11662,13,316,3265,6304,0,3458,1012,7733,117,1385,17461,2480,7784,12711,1517,9563,23380,5945,64,1595,14036,127,384,4519,7375,28,4276,1147,8293,215,1444,19604,497,2103,5464,28,814,55,2317,1023,2132,3556,2413,5575,1459,0,62,158,21,110,204,1306,6778,14834,Highbridge,Bronx,466473.5,BX26,179813,205.1,222.4,212.3,2.88714285714286,0.454414285714286
0.1646649,121,2,933,2500,569,7318,164,2975,36676,26503,18067,14089,6771,0,0,0,486,2397,5821,193,1359,4879,17434,29,11409,4404,22161,38,351,827,1166,1646,11300,51,269,2222,6898,6,4137,1227,7922,120,1453,16439,1320,4879,11599,689,3758,9050,6025,53,1329,15203,142,1090,2657,10536,23,7272,3177,10145,55,1567,20237,145,1061,2721,29,1528,81,3806,1187,1964,2581,3075,7005,3045,0,205,372,32,91,157,2274,13919,26778,Eastchester-Edenwald-Baychester,Bronx,243932.46,BX03,390639,257.5,305.5,286.9,3.0875,0.3980125
0.1166323,122,1,1582,4522,840,11745,706,3225,51527,40811,27651,26183,14438,0,23,23,451,3957,7880,1066,4053,8930,25733,360,18320,10303,25092,486,3752,8355,2987,1936,19196,499,1608,4009,12098,103,8235,4478,14046,153,1208,24592,2821,8930,18678,1543,11808,25515,7413,92,1289,21615,567,2445,4921,13635,257,10085,5825,13605,115,1458,26935,752,7851,12216,360,909,161,2576,1291,3959,8397,5085,8017,6250,49,613,844,18,145,241,1469,11264,21968,Hamilton Heights,Manhattan,635532.49,MN04,268970,223.9,241.6,230.3,2.71714285714286,0.521128571428571
0.0484237,123,5,260,1769,83,1324,309,470,19938,15257,9706,2939,1615,0,0,0,0,21,21,429,1561,1087,12638,120,7987,3777,16957,0,55,148,1132,288,7309,241,584,623,5954,44,3980,1788,5487,42,368,9766,271,1087,6945,34,514,1450,4651,188,182,7948,188,977,464,6684,76,4007,1989,4219,8,344,10172,429,8932,18548,120,996,85,2124,967,954,1935,1899,4210,2216,41,557,1105,0,0,0,0,85,116,Rossville-Woodrow,Staten Island,26419.24,SI32,267418,112.5,123.8,119.3,2.89666666666667,0.4005
0.0827623,124,5,184,2557,63,1824,259,1075,24799,19385,12989,2949,1125,0,0,0,14,189,258,397,1976,1307,15826,138,10144,5406,21804,11,40,105,1579,546,9569,272,773,611,7830,68,4915,2527,6970,0,744,12124,315,1307,8805,198,1569,2848,5682,193,529,9816,125,1203,696,7996,70,5229,2879,6019,0,706,12675,928,11785,22374,138,1684,24,2247,1434,1060,2307,2783,4738,3430,83,699,1558,0,0,17,39,263,487,Arden Heights,Staten Island,56812.421,SI48,344766,156.6,160.2,157.9,2.795,0.3602
0.0744828,125,1,1330,6786,648,6709,5111,3564,69299,62726,47850,14554,7845,0,0,0,165,1287,2549,7371,18961,3471,52777,2260,48383,40435,52809,233,1488,3281,11590,1873,31888,3817,9702,1557,27904,1336,25391,21229,26218,6,590,34899,2720,3471,39072,611,6026,10649,4394,97,1691,30838,3554,9259,1914,24873,924,22992,19206,21632,42,1173,34400,2331,36317,50798,2260,945,706,1593,8322,2067,9580,17693,7948,21474,417,6298,8240,82,344,459,336,2116,3972,Hudson Yards-Chelsea-Flatiron-Union Square,Manhattan,998832.399,MN13,1493443,581.1,531.6,556.2,1.72066666666667,0.561373333333333
0.0937701,126,1,283,2652,318,1336,2062,1752,26075,24469,18684,3978,2642,0,11,11,0,360,573,2796,7008,711,20271,734,18771,16492,20707,80,358,608,4212,774,10689,1590,3133,357,9264,360,8516,7241,8389,0,302,11367,1012,711,14877,133,1064,1682,1500,103,978,13780,1206,3875,354,11007,374,10255,9251,10295,0,676,14708,1455,15529,21094,734,124,169,753,2295,573,3923,7382,2279,9484,80,1897,2865,0,0,97,137,519,827,Gramercy,Manhattan,387816.6,MN21,390330,148.4,133.4,140.5,1.6475,0.485875
0.1532238,127,1,4221,8560,1500,24697,1061,7386,89551,73110,48204,49086,24389,0,29,42,3351,20663,39206,1889,6039,22664,39441,828,27058,14910,39274,498,2535,5080,4150,4311,36476,1207,3005,10788,20493,624,14135,7351,26635,312,2622,44204,4447,22664,29283,5791,32857,64553,12383,115,3075,36634,682,3034,11876,18948,204,12923,7559,21569,121,2061,45347,1877,13674,25493,828,1926,589,4617,4340,6627,11040,7659,12148,8871,95,1599,2558,59,302,746,1506,9390,16426,Washington Heights South,Manhattan,1362581.87,MN36,446030,411.2,435.6,415.4,2.96583333333333,0.4708
0.1312907,128,4,1129,3728,497,12594,414,4088,59550,44178,31137,21183,8589,0,23,23,1533,9416,17372,588,2572,8958,28670,174,17315,8038,38194,170,1625,3277,1984,1994,21089,380,1029,4008,13599,71,8155,3490,16494,157,1950,29264,1047,8958,17140,2183,16384,31359,11355,160,2094,23089,208,1543,4950,15071,103,9160,4548,14643,126,1732,30286,1255,10864,21029,174,2364,219,7010,1515,4555,6197,3340,9277,5466,723,6711,13257,1,158,204,406,2282,4388,Woodhaven,Queens,891579.12,QN53,1159801,643.7,717.8,681.7,3.4485,0.4144
0.1382469,129,2,1646,2299,1203,11018,154,2566,39680,27602,18561,25345,14327,0,0,0,1254,9020,18172,176,657,9148,14258,22,7866,2557,14110,90,491,1139,481,1332,12736,103,376,4204,6354,0,3408,1100,9477,195,1080,18695,2027,9148,12795,1733,13046,27766,6392,86,1234,14866,73,281,4944,7904,22,4458,1457,9084,147,1373,20985,472,2831,6997,22,723,164,2978,1488,2835,4550,2192,5309,1900,61,487,946,3,166,483,686,5505,11943,West Concourse,Bronx,801665.8,BX63,207197,203.7,231.1,218.9,3.10571428571429,0.425928571428571
0.1162139,130,3,2445,4690,1833,16475,376,3606,70095,48544,31029,40025,23550,0,0,0,450,2952,6355,499,3392,9688,30338,123,18976,9385,29582,59,733,1419,2893,2004,22033,285,1459,4647,13299,72,8352,3884,15660,178,2236,33241,3845,9688,24225,778,5993,13102,11362,36,1602,26511,214,1933,5041,17039,51,10624,5501,15369,164,2102,36854,624,8467,22449,123,1058,258,4942,2771,4746,7380,4385,9591,5993,113,1099,1890,0,88,256,2360,17690,37726,Bedford,Brooklyn,1212204.33,BK75,702984,542.5,595.9,560.9,2.92894736842105,0.476168421052632
0.0907775,131,4,250,2915,285,2496,169,1192,25141,19594,13131,4155,1659,0,0,0,18,118,124,302,1740,2639,14755,133,10244,4620,20869,93,272,602,1438,628,8072,89,526,1023,6099,53,3988,1551,5642,72,783,10978,199,2639,7891,34,350,937,4511,169,564,11522,213,1214,1616,8656,80,6256,3069,7489,37,568,14163,13,321,682,133,1749,108,2610,779,1418,2279,2255,5624,2880,0,60,97,0,43,43,1068,12317,23593,Laurelton,Queens,192884.7,QN66,871570,422.6,475.9,455,3.17454545454545,0.352336363636364
0.1205906,132,4,651,4442,568,8450,390,3969,57549,45331,32913,14234,5784,0,33,75,109,2584,4416,464,2578,6707,32293,74,20116,9239,42828,459,2147,3642,2114,2121,21553,159,923,3408,15008,33,9094,3956,16611,38,1774,27844,580,6707,16048,690,5842,10801,12177,144,1848,23778,305,1655,3299,17285,41,11022,5283,16302,91,1815,29705,388,4225,8320,74,4170,343,5049,1603,3315,6545,6169,10877,6661,582,6533,10692,46,138,161,2385,17224,30243,Queens Village,Queens,488561.35,QN34,1451519,739.9,779.6,761.4,3.575,0.367035
0.0813725,133,4,291,2267,112,3115,263,1079,25964,20091,13260,4957,1842,0,0,0,161,950,1673,458,2465,1957,16032,195,11005,6789,20656,35,373,813,2007,608,9920,309,1285,980,7844,156,5430,3464,7246,7,615,12986,252,1957,8110,193,2211,3880,5027,150,471,10171,149,1180,977,8188,39,5575,3325,6014,0,560,12978,494,6030,11230,195,1237,32,1810,1779,1079,2560,3197,4216,4324,334,4963,10245,42,106,144,13,812,1859,Bellerose,Queens,90144.791,QN43,475335,223.3,241.7,231.3,3.14,0.3667
0.0574709,134,1,675,3184,294,5312,1717,1682,43755,41008,29267,11753,6441,0,17,30,52,853,1421,2462,8980,2632,29411,745,25579,21682,27805,38,762,1219,6518,862,20120,1458,4530,1181,15384,518,13169,11100,15312,31,1452,21488,2335,2632,22306,221,2898,5195,3832,104,820,20888,1004,4450,1451,14027,227,12410,10582,13955,0,2178,22267,1209,22611,31859,745,630,619,1421,2739,1604,7359,10826,3897,12702,175,3730,6419,0,36,88,208,1258,2719,East Village,Manhattan,781548.2,MN22,518245,247.9,220.3,234.6,1.74857142857143,0.502271428571429
0.1042778,135,4,1552,5206,728,18097,389,4400,80046,62213,42195,28376,10279,16,60,145,1228,12149,21733,450,2282,13759,38998,61,19826,9011,51455,364,2669,5293,1832,2548,29860,328,1227,6174,19154,58,9751,4527,22330,113,2508,38893,1101,13759,22031,1126,10121,17681,19172,162,1852,32353,122,1055,7585,19844,3,10075,4484,19865,95,2361,41153,535,6272,12810,61,4613,304,8988,2430,5107,7934,6818,10815,6729,1148,10346,19724,58,325,784,1051,10363,19557,South Ozone Park,Queens,836019.672,QN55,1484630,889.2,926.4,909.1,3.6344,0.40754
0.1378348,136,4,850,2737,479,6505,53,2470,34293,25563,17920,11445,4940,0,0,0,195,1842,3534,78,1109,4073,17624,25,10042,3719,22680,50,390,801,1031,1240,11449,33,390,1868,7638,17,3965,1466,8698,123,1310,16029,585,4073,10364,351,1912,3751,7582,174,1230,14114,45,719,2205,9986,8,6077,2253,9222,61,1241,18264,146,555,993,25,1820,72,3182,1261,2407,3353,2497,6323,2610,49,732,1531,0,83,137,2030,14303,27297,Baisley Park,Queens,391476.1,QN76,970284,507.3,607.5,559.2,3.270625,0.40828125
0.1589521,137,3,2776,5819,2253,12563,503,4787,64331,48066,30116,30546,17983,0,0,10,553,2296,5049,764,2930,9830,31170,261,18654,8847,33473,100,519,1203,2166,2620,21012,297,967,4588,13060,89,7221,3482,14064,158,1741,28872,4370,9830,24360,1279,5596,13632,12516,16,2167,27054,467,1963,5242,18110,172,11433,5365,16052,117,1761,35459,571,3657,7778,261,1590,231,4840,1169,5715,6773,3521,9807,5917,134,937,1880,13,29,101,3416,22647,48310,Stuyvesant Heights,Brooklyn,1034956.66,BK35,669067,586.2,617,607.7,2.61777777777778,0.478222222222222
0.1386274,138,3,3271,5071,1488,17634,199,4771,71247,53355,34416,38577,20943,0,11,11,1128,6986,16670,348,2204,15225,29166,149,17369,8026,32018,211,960,2204,1856,2238,24576,229,925,6916,13448,135,7759,3718,17522,182,2439,33944,4120,15225,24164,2834,18803,42733,11797,39,2533,28779,119,1279,8309,15718,14,9610,4308,16894,65,1918,37303,1478,14870,27651,149,1462,487,5098,1881,5635,8419,5121,9343,5822,121,919,1602,52,286,538,1781,10384,22571,Bushwick South,Brooklyn,1138519.95,BK78,840415,610.3,647.3,634.1,3.00190476190476,0.444538095238095
0.1046319,139,4,223,1384,256,2240,187,1073,19901,14849,10255,4454,2214,0,0,0,61,182,442,274,1139,1738,10868,87,7291,3014,14984,31,257,609,865,650,6465,120,420,872,4616,13,2901,1205,4633,0,512,9221,206,1738,5553,123,701,1590,3577,121,423,8384,154,719,866,6252,74,4390,1809,5622,0,412,10680,39,457,966,87,1360,60,1764,552,1182,2119,1485,4277,1875,15,120,295,0,0,1,927,9239,17588,Springfield Gardens South-Brookville,Queens,75494.671,QN03,407557,158.7,182.6,172.7,3.354,0.34222
0.0804215,140,4,492,3736,559,10087,495,2030,45259,36831,25242,15879,5792,0,82,133,318,2752,5134,697,3012,7462,25377,202,17970,11098,28679,46,505,1123,2315,1037,18256,354,1492,3512,12450,144,8916,5359,14262,33,908,22708,992,7462,16388,786,8701,15533,7407,168,993,18575,343,1520,3950,12927,58,9054,5739,10980,13,787,22551,973,11748,20594,202,910,61,3590,1520,4537,7602,3962,6872,8086,675,9538,17028,0,41,192,18,576,1055,Woodside,Queens,573129.928,QN63,690284,416.8,439.2,422.8,2.82833333333333,0.394233333333333
0.0815724,141,2,676,3897,264,4300,1120,1243,29848,24299,15238,7434,3134,0,0,0,257,3148,6271,2085,5789,2802,19250,965,15558,10730,21262,74,594,1304,3704,648,11130,1151,2409,1245,8597,605,7056,4665,7612,20,668,14091,841,2802,12741,394,5377,10811,3692,67,595,13169,934,3380,1557,10653,360,8502,6065,7626,0,499,15757,779,8829,17626,965,808,126,3242,1238,2497,2644,2393,4828,4941,0,1178,1964,0,89,118,133,1400,2565,Spuyten Duyvil-Kingsbridge,Bronx,334290.74,BX29,638759,371.8,432.1,398.3,2.23888888888889,0.430166666666667
0.1539307,142,2,2913,5136,2347,18220,254,4341,63504,45997,28201,39590,21370,0,0,0,1675,11647,25201,332,1723,14870,23859,78,14562,5325,22574,70,438,1491,1391,2315,21698,167,657,6810,10935,23,6032,2148,14483,401,2285,30751,4268,14870,21343,2404,15989,36303,9297,61,2026,24299,165,1066,8060,12924,55,8530,3177,13718,218,2146,32753,502,3265,8385,78,1762,253,4679,1391,4081,5959,3863,9237,3602,26,313,644,7,62,425,2061,12411,27358,East Concourse-Concourse Village,Bronx,1487556.16,BX14,401452,429.9,493.3,463.9,2.91,0.45325
0.1778208,143,2,2471,3123,1664,12025,8,2758,39020,26330,15510,27850,15825,0,0,0,981,5963,14802,8,444,9340,12007,0,6356,1902,10693,67,302,855,436,1426,10495,8,63,3804,4550,0,2067,492,6830,126,874,17157,2998,9340,12776,1863,10701,26936,5651,71,1332,15835,0,381,5536,7457,0,4289,1410,8680,184,1219,21863,536,2948,7846,0,829,143,2606,1262,1887,3336,1996,4454,1458,0,99,216,19,301,549,1155,5841,14752,Melrose South-Mott Haven North,Bronx,515108.29,BX34,206117,193.3,241.9,223.2,3.08625,0.4538625
0.0519805,144,3,825,1584,385,7982,233,437,32828,17130,8407,26221,18239,0,0,0,74,346,1194,244,423,4287,8642,11,3727,1000,6407,0,94,320,179,257,8387,215,317,1840,4241,11,2675,637,5151,54,1476,16820,1726,4287,8299,148,1433,3779,4915,34,180,8743,29,106,2447,4401,0,1052,363,3256,41,1098,16008,300,7711,30366,11,157,222,404,2526,754,1196,2272,2727,577,0,24,30,0,0,5,63,232,913,Williamsburg,Brooklyn,549624.19,BK72,151570,127,147.8,136.1,4.17571428571429,0.497857142857143
0.0648141,145,3,1459,3104,659,9312,1017,1754,46070,37026,27062,21658,12346,0,0,88,183,1651,3723,1447,5344,6504,25270,430,20594,15171,24313,149,832,1337,3897,716,17899,696,2468,3076,12249,205,10182,7385,13884,133,1012,22290,2200,6504,19172,686,7454,17189,4676,35,1038,19127,751,2876,3428,13021,225,10412,7786,13178,66,904,23780,1148,21517,36143,430,659,202,1069,2131,2935,9810,5887,5423,9827,74,1669,2048,28,61,126,172,1305,2605,North Side-South Side,Brooklyn,631272.22,BK73,736085,412,397,403.7,2.36384615384615,0.482469230769231
0.1215936,146,2,660,2422,610,6668,284,1758,30098,22297,14458,13385,6717,0,0,7,781,5872,12181,402,1307,5510,13828,118,8227,3889,15995,48,478,1129,905,886,10712,208,615,2848,6294,62,3520,1573,7474,39,823,14583,969,5510,9657,1011,7729,16390,5601,74,872,11585,194,692,2662,7534,56,4707,2316,6984,12,709,15515,584,5266,10876,118,780,136,2984,1493,1696,2501,2508,4338,2582,150,1376,2682,20,45,108,175,1412,3115,Van Nest-Morris Park-Westchester Square,Bronx,400404.541,BX37,544692,424.8,432.5,429.6,3.12083333333333,0.3996
0.0530711,147,3,114,2402,106,1146,2780,788,23498,20492,14848,3360,2214,0,0,0,68,307,682,3642,8265,326,17971,862,16575,14652,19262,23,338,931,4623,384,10230,1921,4103,144,8749,395,7998,7188,7587,0,504,11805,580,326,11346,92,924,1747,1396,1,404,10262,1721,4162,182,9222,467,8577,7464,7261,0,485,11693,587,12245,18810,862,308,210,560,1537,1282,5279,3445,1923,6387,4,1190,1713,39,80,80,67,688,1282,Brooklyn Heights-Cobble Hill,Brooklyn,419888.64,BK09,637162,222.4,218.9,217.2,1.87166666666667,0.51485
0.0610020,148,4,327,3255,214,3113,692,873,28097,22299,14311,5839,2726,0,0,58,6,308,442,936,3924,1674,18950,244,14120,9288,22239,0,338,831,2988,432,10382,631,1791,785,8943,208,7084,4614,7738,0,566,13683,648,1674,11235,86,1140,2117,4830,149,441,11917,305,2133,889,10007,36,7036,4674,6573,7,418,14414,487,7031,13977,244,1177,100,2973,1180,1339,2761,2998,4832,5364,336,6249,12198,0,0,9,44,385,582,Oakland Gardens,Queens,98513.619,QN42,463400,246.1,271.4,255.4,2.52,0.397583333333333
0.0793106,149,3,1009,3371,496,5753,364,1063,29311,23621,13403,10295,4542,0,0,0,70,824,1709,555,1950,5036,16215,191,9068,5467,18805,8,184,318,1395,627,11367,348,885,2304,7734,111,4309,2535,7549,0,530,14421,966,5036,10726,208,1749,3553,7147,8,436,12254,207,1065,2732,8481,80,4759,2932,5854,0,491,14890,618,7816,17345,191,771,8,3645,826,2248,2049,2241,3601,3517,353,4268,9224,14,40,74,0,271,641,Bath Beach,Brooklyn,425806.68,BK27,586776,407.8,451.1,426,2.74,0.462381818181818
0.1084487,150,3,926,5081,580,9693,411,3055,52657,41228,28170,15748,6055,0,8,8,50,385,1054,576,2671,4350,31744,165,18431,8391,36857,50,419,925,2095,1681,17892,296,1027,2131,13406,58,7291,3383,12611,72,1416,23220,1456,4350,18217,201,1408,3283,13313,47,1374,23336,280,1644,2219,18338,107,11140,5008,15559,5,1494,29437,107,803,1586,165,1798,84,5503,1045,4606,6974,4149,10040,5720,21,323,516,0,29,29,2827,26203,48539,East Flatbush-Farragut,Brooklyn,828555.93,BK91,1114112,691.7,745.7,728.6,2.95368421052632,0.400457894736842
0.0827230,151,3,1893,4444,410,10661,1199,1841,51514,38200,22255,21261,10600,0,0,0,80,917,1807,1796,5729,4207,28366,597,21038,13730,29840,25,313,656,3933,1196,18392,1194,2804,2136,13248,331,9977,6527,11995,102,1695,25512,2601,4207,18430,205,1676,3273,7328,22,645,19808,602,2925,2071,15118,266,11061,7203,10260,32,1356,26002,1199,17440,41195,597,792,238,3459,1809,3169,4710,4740,7308,8001,220,2021,5166,0,36,36,317,1528,2654,Midwood,Brooklyn,730257.84,BK43,989513,582.2,677.7,637,2.87333333333333,0.503444444444444
0.0586059,152,3,381,1795,144,1664,843,808,22571,18388,13787,4457,2793,0,0,0,31,740,1323,1291,4738,1579,14748,448,11767,9118,18097,77,304,721,3447,406,8631,610,1974,624,7054,200,5542,3987,6953,14,368,10698,611,1579,9510,151,1767,3530,2981,19,402,9757,681,2764,955,7694,248,6225,5131,6834,0,247,11873,591,10562,16664,448,358,97,2642,822,3136,3139,1852,2649,4380,63,1205,2208,1,70,165,45,906,1490,Windsor Terrace,Brooklyn,277630.87,BK40,492431,229.5,228,229.5,2.37,0.425566666666667
0.0859182,153,3,1054,2325,372,8741,469,1457,36199,26532,16958,18216,9475,0,0,0,165,1756,3176,695,2944,4399,18569,226,12925,8030,17754,61,416,950,2249,865,12861,380,1220,2215,8745,118,5873,3705,9383,62,1151,17737,1027,4399,12037,213,2640,5035,5644,20,592,13671,315,1724,2184,9824,108,7052,4325,7575,7,853,18462,839,9529,20243,226,735,142,2785,1104,3576,3733,2520,4895,5086,242,3648,8825,0,8,101,150,1534,2904,Kensington-Ocean Parkway,Brooklyn,508713.09,BK41,345570,256.9,261.4,258.8,3.03875,0.45495
0.1445680,154,1,2413,6293,820,16284,1277,5734,71085,57949,39663,31494,15210,26,45,112,2883,15253,28061,2466,7718,12640,36093,1189,27440,17719,37291,150,1196,2487,5252,2830,26494,1089,3242,5700,15620,580,11920,7954,19447,104,1841,33353,2900,12640,25490,4468,24601,46510,8653,114,2904,31455,1377,4476,6940,20473,609,15520,9765,20216,102,1994,37732,1674,18327,32365,1189,1424,322,4601,2659,7956,7769,5964,9721,10001,105,1222,2067,0,67,94,896,3418,5899,Washington Heights North,Manhattan,1182522.24,MN35,549953,376,437.5,400.3,2.67272727272727,0.457590909090909
0.0704875,155,4,292,2848,154,3224,1104,947,25067,20624,13435,5308,2084,0,0,0,80,1074,1728,1383,3837,2236,16204,279,12647,8435,19111,38,570,1088,2454,493,8868,734,1736,1054,7054,187,5853,3987,6645,0,421,11174,371,2236,9489,91,2135,3830,3557,123,454,11756,649,2101,1182,9150,92,6794,4448,6790,0,704,13893,139,3781,7761,279,956,76,2872,1104,1945,2468,2368,4212,4598,354,4018,7569,0,111,215,336,3881,6706,Jamaica Estates-Holliswood,Queens,152211.15,QN06,657799,338.8,356.6,351.8,2.6675,0.4180875
0.0940028,156,3,1327,5975,547,11987,610,3486,70872,53992,37084,19934,7947,0,0,0,65,1046,1960,791,4473,6154,40100,181,25528,12581,50739,11,383,1041,3682,1903,24245,390,1523,2732,17269,46,10260,4859,17405,103,2069,32144,1501,6154,23279,195,2712,5578,14572,27,1583,29747,401,2950,3422,22831,135,15268,7722,19679,106,2252,38728,379,6274,14783,181,2656,165,7437,1866,4976,7642,7120,12947,8108,91,810,1905,11,57,114,2929,28500,51069,Flatlands,Brooklyn,1019095.31,BK58,1758555,903,1051.4,983.6,3.13074074074074,0.38377037037037
0.1264029,157,2,1481,2645,735,11638,361,2489,41217,29711,19691,22721,11083,0,0,0,1127,7990,16814,525,1544,7170,17662,164,10169,4900,17869,156,784,1886,1019,1154,13157,236,745,2855,7758,80,4251,2081,9959,239,1291,19023,2012,7170,14192,1551,11070,23125,7493,78,1335,16554,289,799,4315,9904,84,5918,2819,9732,12,950,22194,432,4333,9133,164,896,158,4861,1797,3136,2916,2581,5269,3356,112,1516,3570,0,96,284,662,4959,9530,Norwood,Bronx,546130.51,BX43,259905,203.6,224.8,217,2.82714285714286,0.4511
0.0813820,158,5,249,2659,177,3319,251,848,21208,16356,10420,4780,1461,0,0,0,7,401,911,408,1551,1358,13245,157,8146,4035,16428,0,114,208,1143,457,7576,271,548,618,6152,137,3727,1697,5467,45,534,10290,333,1358,7881,90,1449,3054,5099,192,391,8780,137,1003,740,7093,20,4419,2338,4953,30,458,10918,697,9148,18512,157,997,91,2163,1072,935,1723,2329,4111,2484,68,495,1165,0,0,0,76,241,412,New Dorp-Midland Beach,Staten Island,57873.329,SI45,370793,196.6,207,201.3,2.668,0.42502
0.1370644,159,3,577,2091,457,7472,154,2116,29933,22530,15438,13230,5758,0,0,0,78,563,1161,242,913,3931,15335,88,8225,3172,16415,66,307,645,671,1138,9693,161,446,1688,6598,81,3386,1336,6861,73,1038,13695,1152,3931,10222,104,1321,2970,7110,49,978,12837,81,467,2243,8737,7,4839,1836,8577,22,888,16238,0,385,1131,88,1340,52,3005,675,2505,3158,1848,5053,2259,31,318,899,0,0,1,1941,13836,26096,Erasmus,Brooklyn,413885.35,BK95,285001,221.6,254.2,236.3,2.91857142857143,0.442857142857143
0.0806132,160,4,894,5183,859,16415,277,2850,70166,53504,35354,30780,14365,0,0,0,240,2946,6092,514,2690,11655,34160,237,18652,8745,39285,77,721,1578,2176,1547,26231,248,1024,5563,16939,149,8970,3975,19920,147,1846,34551,2094,11655,23963,1396,17540,35863,15508,132,1303,27273,266,1666,6092,17221,88,9682,4770,15434,66,1877,35615,2080,27679,54960,237,1505,199,4156,1290,8322,11815,4085,9907,6055,276,2775,5559,0,128,190,177,1068,1787,Ridgewood,Queens,972743.38632,QN20,NA,NA,NA,NA,2.90947368421053,NA
0.1116738,161,1,4715,10080,1857,17893,825,3837,74243,62176,34359,38790,20897,13,13,13,666,5009,14571,1508,5632,18158,36782,683,25330,16902,35002,307,1607,3303,4124,2145,28962,875,2941,7986,17495,374,12346,8177,17321,112,1682,34965,5388,18158,30216,1894,10564,28817,11452,109,1692,33214,633,2691,10172,19287,309,12984,8725,17038,115,1735,39278,1704,15456,28874,683,953,473,2721,2381,3594,11006,7819,8428,11270,675,8886,19324,24,190,318,448,3109,7840,Lower East Side,Manhattan,1326642.52,MN28,635184,577.3,635.7,605.5,2.38733333333333,0.524126666666667
0.0580125,162,2,227,3722,129,2588,1647,770,26839,21946,13273,4170,1582,0,0,0,104,1215,2511,2659,5970,1490,16969,1012,14152,10952,19644,0,140,548,3311,371,10305,1596,2646,687,7869,555,6523,4987,6588,0,922,12747,624,1490,10909,240,2548,4941,2817,63,399,11641,1063,3324,803,9100,457,7629,5965,6685,0,982,14092,581,9872,19933,1012,842,143,2720,1458,1883,2139,2254,3200,4982,58,895,1643,0,0,0,27,1142,2204,North Riverdale-Fieldston-Riverdale,Bronx,176474.252,BX22,NA,337.4,362.5,350,2.35555555555556,NA
0.2062505,163,2,2563,2882,2305,15105,132,5438,53944,38675,26366,35474,20369,0,48,48,2293,13022,25454,278,1019,11063,20336,146,10862,3499,17687,162,804,2391,741,2586,17802,44,251,4932,9237,28,4360,1243,12936,336,1954,25476,3451,11063,17631,3339,17303,35847,9474,73,2852,20873,234,768,6131,11099,118,6502,2256,13430,251,2140,28468,694,2645,6643,146,1483,95,4259,1622,3592,4163,3514,7363,2480,0,77,321,13,69,215,2276,9671,18872,University Heights-Morris Heights,Bronx,1061214.26,BX36,NA,NA,NA,NA,NA,NA
0.0931077,164,3,1054,3131,491,4498,1848,2179,39422,31728,23403,10312,5814,0,0,0,443,2253,4879,2339,7635,3777,25487,491,21216,17034,28614,56,718,1626,5296,1171,14435,1134,3580,1509,11767,207,9785,7809,11290,37,632,18464,1592,3777,17628,656,3980,8503,4271,14,1008,17293,1205,4055,2268,13720,284,11431,9225,12113,38,554,20958,947,16625,25764,491,375,198,2188,1472,4072,6317,4563,4182,9399,73,1543,2348,0,0,12,660,2256,4793,Carroll Gardens-Columbia Street-Red Hook,Brooklyn,468959.526,BK33,1005602,422.2,424,423.6,2.19416666666667,0.455591666666667
0.1008694,165,3,1191,2667,701,5279,1972,2042,35373,28932,20244,12680,7401,0,0,0,460,1817,4106,2436,6491,4182,21797,464,17825,13914,21821,95,767,1471,4055,996,13593,1280,3075,1861,10313,169,8554,6590,9905,42,630,17227,1784,4182,15085,769,3740,8406,3972,18,1046,15339,1156,3416,2321,11484,295,9271,7324,10339,21,559,18146,528,11845,18073,464,489,80,1256,1267,2352,6733,4019,3911,7423,122,1980,3016,0,34,64,837,3801,8643,DUMBO-Vinegar Hill-Downtown Brooklyn-Boerum Hill,Brooklyn,465621.889,BK38,1003599,386.7,420.9,403.9,2.08666666666667,0.466208333333333
0.1802928,166,2,1518,2221,710,8947,129,2783,30599,23450,15436,18609,9662,0,0,0,1682,8989,16964,155,798,6199,13467,26,7710,3266,11098,60,504,1226,643,1378,10390,82,319,2814,5913,10,3306,1388,7353,78,924,13741,1894,6199,10599,1961,10761,20962,5757,68,1405,13060,73,479,3385,7554,16,4404,1878,8083,109,954,16858,179,1346,3344,26,1267,137,2688,1016,2170,2616,1710,4444,2468,154,958,1999,34,62,152,674,3577,6914,Kingsbridge Heights,Bronx,456852.04,BX30,199619,198.5,223.5,211.4,2.72166666666667,0.44155
0.0831267,167,3,813,4869,684,10532,587,1810,45216,35923,21774,16980,6448,0,0,21,43,553,1024,809,2953,9343,22456,222,13119,7615,27892,7,148,426,2144,1141,17526,496,1346,4423,10756,160,6155,3527,11935,41,1047,22395,793,9343,14966,167,2314,4210,9337,11,669,18397,313,1607,4920,11700,62,6964,4088,9839,38,972,22821,955,12333,26407,222,1635,263,5262,1847,2595,4340,2683,5504,4662,790,8313,16739,0,76,94,15,351,505,Dyker Heights,Brooklyn,727678.94,BK30,1016628,645.4,716.3,687.2,2.92529411764706,0.421270588235294
0.0928164,168,3,615,2974,289,4900,1085,1951,36413,30518,21020,12104,7204,0,10,32,196,1279,2638,1491,5539,2736,21954,406,18067,12890,22760,58,877,1550,4048,876,14427,651,2451,1324,10182,215,8469,5808,10251,62,794,17412,1480,2736,14937,302,3073,5943,3887,33,1075,16091,840,3088,1412,11772,191,9598,7082,10769,1,851,19001,658,9849,15020,406,580,292,2098,1410,3939,6256,2937,5177,7351,72,1300,1911,12,23,58,955,7682,15204,Clinton Hill,Brooklyn,516764.57,BK69,601196,322.6,332.9,328.5,2.36,0.46963
0.1197288,169,3,1660,3976,548,6350,283,1448,27759,22556,12094,11906,5556,0,0,0,117,555,1673,587,1756,5272,15125,304,8416,4710,15804,0,71,357,1169,716,10315,317,739,2334,6851,228,3664,2179,6118,0,519,12635,1382,5272,11068,263,1627,4263,6709,7,732,12241,270,1017,2938,8274,76,4752,2531,5976,5,663,15124,719,6886,16699,304,962,23,2813,834,1648,1812,2175,3706,2954,320,3373,6585,0,14,107,292,1195,2338,Gravesend,Brooklyn,256332.2,BK26,318003,343,362.9,349.3,2.63625,0.4521875
0.0843762,170,3,1208,9434,939,13745,2006,3587,83821,66782,42512,26635,12890,0,67,88,91,2141,4607,2964,10543,8827,51312,958,37337,25866,57015,80,586,1888,7579,1845,31328,1579,4662,3807,24083,443,17661,12071,23017,126,1731,39949,2495,8827,34990,435,6714,13474,13975,12,1742,35454,1385,5881,5020,27229,515,19676,13795,19495,71,1869,43872,2823,32013,63389,958,1672,603,9896,4230,7537,6866,6302,11471,15323,461,6100,11661,29,267,419,103,1006,1769,Bay Ridge,Brooklyn,1155799.68,BK31,1669952,1052.3,1116.7,1086.4,2.42678571428571,0.457675
0.1028647,171,3,2739,6539,1924,25151,1184,5501,105094,79517,53478,48779,23628,9,62,99,421,5981,11039,1859,6624,13971,53651,675,34234,18634,55861,72,959,2374,4765,2792,35651,1016,2922,6224,23949,294,15487,7973,26412,341,3052,48046,4345,13971,37482,974,10430,20103,19417,21,2709,43866,843,3702,7747,29702,381,18747,10661,27066,85,3261,57048,1140,14060,28856,675,2688,501,9780,2692,9131,12602,7794,15600,12010,358,3992,8834,0,96,284,3501,28260,53608,Flatbush,Brooklyn,1978140.27,BK42,1223438,876.1,937.6,909.7,2.81192307692308,0.440980769230769
0.0880190,172,1,2021,5085,718,11305,594,2071,46550,39849,23529,24637,13332,0,0,0,169,1252,3375,881,2512,14351,20645,287,13959,9643,20294,86,518,1133,1631,1137,19663,434,1216,6496,10487,154,7408,5074,12049,63,1019,23206,2999,14351,18107,304,2387,5918,6686,108,934,20186,447,1296,7855,10158,133,6551,4569,11480,90,765,23344,494,6736,9695,287,570,225,1837,3120,1508,5911,7146,4316,7131,1149,14332,30032,25,114,266,148,577,2049,Chinatown,Manhattan,699498.54,MN27,290031,292.2,318.8,303.8,2.4,0.5147
0.0625221,173,4,443,5021,165,5447,492,1238,39062,31830,19801,8438,2991,0,0,0,21,572,1242,726,3068,4725,24400,234,14961,8101,30234,5,225,428,2342,656,14784,381,1320,2180,11174,92,7030,3560,10576,23,760,18654,816,4725,14899,234,3290,6567,9439,133,582,17046,345,1748,2545,13226,142,7931,4541,9225,12,926,20408,1117,17294,34229,234,573,36,2926,1482,3374,5740,3887,6860,5033,59,1378,2643,0,20,20,36,300,500,Middle Village,Queens,444036.75,QN21,NA,NA,NA,NA,NA,NA
0.0482986,174,1,350,9802,132,2115,7407,1523,58834,47919,31533,5110,2995,0,0,0,7,125,264,9478,20545,732,44723,2071,42104,37490,53651,18,233,930,11067,761,21173,5921,10490,295,19764,990,18778,17385,16715,0,646,26419,1075,732,28751,104,1583,2938,2619,116,762,26746,3557,10055,437,24959,1081,23326,20105,14818,0,797,32415,1401,28628,53480,2071,345,514,963,3305,2176,7978,11347,4614,16945,57,1920,3150,0,90,214,40,525,796,Upper East Side-Carnegie Hill,Manhattan,1202067.92,MN40,2192460,671.5,691,681.8,2.01785714285714,0.583964285714286
0.1135304,175,1,2532,6014,1713,14658,1791,3311,59794,48035,29164,29079,14421,0,9,21,568,4481,11177,2435,6276,11006,29379,644,20148,13624,28612,57,836,1908,3841,1621,22084,1125,2820,4753,13167,361,9044,6185,14383,115,1818,28418,3248,11006,22874,1593,11314,26328,9231,112,1690,25951,1310,3456,6253,16212,283,11104,7439,14781,157,1778,31376,1054,12607,22500,644,683,440,2581,2855,3309,8193,6265,6524,7348,251,3490,6026,11,62,130,1370,7679,18032,East Harlem South,Manhattan,1238786.57,MN33,461872,335.3,406.8,374.7,2.50090909090909,0.543281818181818
0.0672259,176,4,1164,5830,1115,23577,762,2973,84904,68250,44224,41749,18172,0,0,0,467,4315,6962,1116,3751,18542,40818,354,25107,14104,42925,66,725,1462,2635,1646,35164,573,1973,9212,21070,228,12996,7088,26775,108,2009,43582,2250,18542,27528,1306,20897,38195,15711,140,1327,33086,543,1778,9330,19748,126,12111,7016,17449,76,1764,41322,983,18765,35792,354,1469,194,7365,2292,9931,12834,5622,11003,10353,1390,19495,39071,0,6,149,67,895,1468,Elmhurst,Queens,1455213.5,QN29,788935,597.4,617.5,607.6,3.11529411764706,0.4388
0.0696893,177,4,496,3530,202,5461,189,1079,31750,24871,15483,8925,3464,0,0,9,73,731,1471,223,1364,3499,18308,34,10051,4242,22803,45,223,667,1141,636,11298,123,564,1498,8522,15,4610,1850,8089,32,812,15226,773,3499,11561,429,5025,11172,8257,131,443,13573,100,800,2001,9786,19,5441,2392,7394,14,793,16524,913,13710,28191,34,548,36,1758,938,2220,5403,2846,5809,2878,19,519,946,0,59,118,29,197,348,Glendale,Queens,443040.39,QN19,720089,474.5,528.8,501.2,2.72461538461538,0.416769230769231
0.0759599,178,5,420,1517,213,1750,237,546,14775,11567,7188,3458,1708,0,0,0,0,210,370,353,1549,1669,8681,116,6112,3430,11127,0,32,182,1196,222,5340,205,647,680,3995,76,2994,1693,3707,9,319,6848,434,1669,5438,41,779,1763,2569,183,324,6227,148,902,989,4686,40,3118,1737,3481,9,225,7927,410,5401,11627,116,523,97,965,763,847,1711,1301,2682,1881,58,895,1594,0,23,23,78,329,979,Grasmere-Arrochar-Ft. Wadsworth,Staten Island,51571.935,SI14,334044,187,192.6,190.8,2.742,0.42048
0.0647337,179,3,638,4664,279,6039,4876,3139,72864,59860,48491,11386,5347,0,0,0,411,3433,6597,6497,19527,4304,50178,1621,45288,38863,61237,56,1212,2862,13030,1786,28459,3420,8365,2182,24082,838,21989,18342,24281,2,832,34912,1241,4304,31068,643,6663,12688,4890,17,1353,31401,3077,11162,2122,26096,783,23299,20521,24210,18,1197,37952,2132,36806,53183,1621,830,517,4781,2712,10310,15568,6151,6425,19336,248,3677,4678,0,237,406,292,3096,5138,Park Slope-Gowanus,Brooklyn,1095752.208,BK37,1890499,696.6,679.1,685.8,2.354,0.44052
0.0953685,180,4,1980,6152,720,17442,933,3552,69382,58465,37245,32112,14670,0,0,0,120,2178,3950,1287,4340,13568,38614,354,23845,14569,36176,154,1145,2285,3053,1792,27385,714,2299,5830,18116,204,11438,7156,19379,35,1579,33208,3045,13568,25643,668,6277,10939,14769,134,1760,31080,573,2041,7738,20498,150,12407,7413,17866,63,1645,36174,609,6145,12849,354,1779,199,9518,3429,4536,7062,5794,9276,10229,2355,25887,46415,46,354,691,268,1536,3192,Flushing,Queens,947356.924,QN22,515667,497.9,558.6,533.2,2.68692307692308,0.477553846153846
0.0803281,181,5,675,2966,277,3738,339,940,24999,20140,11702,5877,2139,0,0,0,20,297,648,471,1828,2432,15173,132,9131,5221,18542,21,227,524,1357,513,9713,320,763,1167,7231,117,4505,2334,6793,9,540,12235,492,2432,8752,113,1687,3465,6042,190,427,10427,151,1065,1265,7942,15,4626,2887,4909,0,492,12764,778,9529,20378,132,798,104,2194,1558,1182,2285,2417,3910,3393,74,1226,2282,0,21,45,47,296,1122,Old Town-Dongan Hills-South Beach,Staten Island,59995.532,SI36,301270,181.8,217.3,198.8,2.676,0.44322
0.0944613,182,4,219,1525,247,6098,249,996,20989,16420,10544,8892,2794,0,24,24,49,875,1410,374,1541,3438,11102,125,7233,4286,12032,44,190,534,1167,542,8236,271,889,1737,5512,90,3870,2385,5976,39,451,10284,380,3438,6384,110,1585,3072,3869,167,454,8184,103,652,1701,5590,35,3363,1901,4568,0,644,10705,226,2381,5085,125,859,35,1905,996,1137,2212,1951,2947,2745,601,6689,13347,0,111,207,76,243,382,Queensboro Hill,Queens,124178.91,QN62,265148,192.7,189.1,190.8,3.292,0.41934
0.1007048,183,4,517,3305,314,6213,1068,1786,36683,27855,17735,11288,5075,0,0,0,128,1063,1754,1373,4459,2600,21506,305,16396,10762,24677,75,663,1109,3086,946,13087,879,2125,1115,10152,183,7885,5233,9059,0,766,17624,874,2600,13265,233,2735,4584,5110,146,840,14768,494,2334,1485,11354,122,8511,5529,8676,0,828,19059,795,9700,21949,305,861,188,3296,1634,2361,3285,3420,5634,6303,523,4382,8478,0,55,78,265,1872,3315,Kew Gardens Hills,Queens,273512.62,QN37,522429,303.1,342.2,328.4,2.71111111111111,0.445566666666667
0.1231849,184,2,1123,2422,936,8745,95,2019,35325,25508,16390,19929,11184,0,0,0,931,7329,15395,123,894,7841,13706,28,7511,3076,15296,179,1035,2668,771,980,12073,61,280,4033,6185,11,3204,1130,8704,92,880,17175,2039,7841,11448,1307,10943,23944,6195,57,1039,13435,62,614,3808,7521,17,4307,1946,7686,110,1120,18150,156,2208,5145,28,1187,73,3671,1176,2259,2616,2359,4435,2182,43,558,981,0,0,161,710,5260,10975,West Farms-Bronx River,Bronx,461806.14,BX08,228883,215.7,226.8,223.9,3.06142857142857,0.476957142857143
0.1214667,185,3,937,2516,1035,7281,45,1706,31831,22549,14045,16810,9529,0,0,21,131,1506,4024,108,560,4847,14163,63,7715,2674,14912,128,226,344,452,888,9737,36,81,2326,5738,29,2939,733,6185,153,994,14343,2331,4847,11686,224,2507,6143,6448,40,818,12812,72,479,2521,8425,34,4776,1941,7860,28,921,17488,66,523,1387,63,1142,77,2608,621,1896,3523,1927,5041,2114,0,145,183,7,52,104,1374,11593,25768,Ocean Hill,Brooklyn,433748.3,BK79,362434,305.9,336,323.7,2.644,0.50508
0.1593828,186,3,2264,4739,1863,13150,148,3388,55412,38533,21257,34905,21755,0,0,15,438,1684,4620,210,918,8733,23392,62,11194,3181,19853,57,190,885,708,1583,13839,97,255,2946,8068,52,3306,832,7778,179,1911,22458,5049,8733,20316,652,3227,10378,12198,41,1805,24694,113,663,5787,15324,10,7888,2349,13479,113,2266,32954,125,866,3212,62,1247,268,4402,1060,3345,4596,2265,8013,2263,0,262,633,0,65,180,2768,18154,45867,Brownsville,Brooklyn,727410.62,BK81,426336,383.4,508.8,459.2,2.68866666666667,0.480126666666667
0.0872255,187,4,378,2255,338,3772,569,1156,22878,19191,13253,6338,2566,0,0,20,99,1674,2848,809,3681,2029,15058,240,11782,7925,16492,55,317,516,2872,614,9282,481,1788,722,7540,178,6032,3960,7024,45,518,11240,442,2029,9997,394,3813,6404,3276,165,542,9909,328,1893,1307,7518,62,5750,3965,6229,56,447,11638,672,8018,14227,240,407,163,2351,873,2404,3349,1963,3857,4244,132,1974,3435,14,20,20,184,1250,1812,Kew Gardens,Queens,260799.44,QN60,417829,266.1,272.7,269.2,2.31285714285714,0.410385714285714
0.0748931,188,5,420,3205,145,2916,276,806,22038,17461,10762,3915,999,0,0,0,0,209,283,442,1905,1773,14213,166,9106,4591,18123,8,120,297,1463,405,8140,305,728,791,6538,106,4564,2197,5857,11,548,10428,274,1773,8194,185,1337,2686,5107,186,401,9321,137,1177,982,7675,60,4542,2394,4905,0,471,11610,798,9840,20378,166,761,82,2101,1237,952,1924,2551,4515,2686,0,204,463,0,0,16,0,389,601,Oakwood-Oakwood Beach,Staten Island,52063.421,SI25,390145,199.2,230,213.5,2.686,0.40032
0.0732357,189,4,1658,10755,631,9669,3415,3384,84694,70440,46207,17256,7587,0,0,18,151,2159,3846,5100,16599,4904,60759,1685,49131,35923,66828,48,969,2081,11499,1776,31858,2962,7538,1960,27505,1019,22539,16585,23085,100,1334,38378,2535,4904,38771,388,5831,10414,11628,129,1608,38582,2138,9061,2944,33254,666,26592,19338,23122,0,1244,46316,2212,29891,55688,1685,1574,377,8652,2650,9276,11589,6166,13208,19324,819,11873,20655,33,33,139,121,1282,2267,Forest Hills,Queens,1124464.97,QN17,1825183,991.5,1029.7,1013,2.28458333333333,0.4349375
0.1620405,190,2,1004,1632,666,5788,36,1296,20352,13425,7998,14308,8520,11,11,24,751,4483,11304,75,278,4581,6542,39,3646,1345,5935,5,197,585,203,689,5964,47,155,1952,2931,28,1405,587,3761,55,804,9505,1758,4581,6912,842,5547,14588,2896,87,607,7461,28,123,2629,3611,11,2241,758,4237,142,842,10847,78,936,2464,39,509,124,1340,631,931,1403,1279,2301,1067,11,26,129,0,65,227,440,2280,5619,Crotona Park East,Bronx,239067.16,BX75,155441,162.5,182.2,168.5,3.09666666666667,0.444283333333333
0.0600016,191,1,623,3200,209,4215,2563,1543,40059,34740,25716,8658,4443,0,19,19,106,416,811,3568,8997,3572,26436,1005,24053,21189,29350,28,558,1328,5429,834,17081,1949,4719,1504,13483,521,12401,10884,13818,0,506,20130,1554,3572,18761,99,1101,2188,2383,106,709,17659,1619,4278,2068,12953,484,11652,10305,11898,0,547,19929,1094,19138,27666,1005,400,578,999,3978,1002,5162,9697,2864,12192,260,5027,9343,0,0,0,55,558,892,SoHo-TriBeCa-Civic Center-Little Italy,Manhattan,477391.96,MN24,1129924,343.5,363.9,349.9,1.981,0.55486
0.0580583,192,4,646,1786,635,17462,266,1638,50295,38119,28213,29417,11955,0,0,0,561,10388,17430,356,730,14249,17452,90,6963,2462,20399,87,637,1169,374,732,22133,233,429,8203,10222,74,3637,1388,19290,288,1423,28493,493,14249,11533,1382,24667,43197,10489,137,906,15986,123,301,6046,7230,16,3326,1074,8923,165,877,21802,705,13059,23428,90,2333,163,6304,1605,3815,6853,4504,4501,1732,111,2277,4573,46,346,600,128,1506,3095,North Corona,Queens,703387.79,QN26,425052,271.3,270.6,272.9,4.39111111111111,0.402066666666667
0.0891399,193,4,270,2639,140,4945,167,1310,27677,22176,14696,7752,2807,0,11,11,160,1246,2159,277,1120,3675,16148,110,8970,4217,19661,18,82,320,843,648,10825,132,466,1972,7819,72,4319,1983,8145,21,669,13585,648,3675,10629,440,3775,7146,7178,141,662,11351,145,654,1703,8329,38,4651,2234,6551,0,438,14092,963,11471,21764,110,816,136,2448,1221,2373,3155,2825,4753,3097,111,1654,2994,17,66,86,41,166,343,Maspeth,Queens,340431.235,QN30,807240,562,548.4,556.1,2.62,0.380878571428571
0.0546302,194,4,144,1944,272,6546,137,738,25088,20768,13509,9573,3027,0,0,0,74,1027,1977,236,1515,5031,13664,99,9134,5271,15464,0,85,255,1279,358,10366,118,845,2250,6930,42,4639,2665,7866,95,540,12415,414,5031,8352,152,3777,6538,4530,157,380,10402,118,670,2781,6734,57,4495,2606,5643,50,544,12673,163,4590,8245,99,610,43,1775,1064,2882,3946,2055,3863,3756,493,7657,14364,8,67,82,0,83,165,Elmhurst-Maspeth,Queens,211994.513,QN50,306071,223.4,227.3,224.4,2.94666666666667,0.421883333333333
0.0925788,195,4,1207,7769,807,14111,1063,4360,75149,65043,47095,26253,12142,0,32,41,274,3352,5973,1623,7303,9965,47306,560,34727,22615,48785,115,1036,2033,5680,2498,31748,845,3362,4696,23344,285,16972,11266,25260,79,1403,37003,3008,9965,34018,1226,12335,21277,12579,171,1862,33295,778,3941,5269,23962,275,17755,11349,21835,40,1090,38146,3071,33988,52562,560,858,140,4172,2568,8201,16348,8223,12112,15312,462,6342,10175,11,119,209,427,2215,4156,Astoria,Queens,1230989.52,QN70,1280677,807.1,836.2,818.6,2.2404347826087,0.425886956521739
